ts,run,peer,remote,kind,direction,bitrate_kbps,packets_lost,loss_pct,jitter_ms,rtt_ms,fps,width,height,avail_out_kbps,limit_reason,concealed_pct,freeze_count,adapt_on,adapt_level,candidate_type
1791377228927,nat-demo,Phone,Laptop,audio,in,,0,,0,169,,,,,,,,1,0,srflx->srflx
1791377228927,nat-demo,Phone,Laptop,audio,out,,,,,169,,,,300,,,,1,0,srflx->srflx
1791377228927,nat-demo,Phone,Laptop,video,out,,,,,169,,,,300,none,,,1,0,srflx->srflx
1791377229922,nat-demo,Phone,Laptop,audio,in,27.52234504355962,0,0,7,169,,,,,,4.183333333333334,,1,0,srflx->srflx
1791377229922,nat-demo,Phone,Laptop,video,in,,0,,35,169,9,640,360,,,,1,1,0,srflx->srflx
1791377229922,nat-demo,Phone,Laptop,audio,out,14.785259779214588,,,,169,,,,248.213,,,,1,0,srflx->srflx
1791377229922,nat-demo,Phone,Laptop,video,out,238.7563432528797,0,0,2.1999999999999997,169,16,720,1280,248.213,none,,,1,0,srflx->srflx
1791377230912,nat-demo,Phone,Laptop,audio,in,28.689254943234786,0,0,6,169,,,,,,20.779166666666665,,1,0,srflx->srflx
1791377230912,nat-demo,Phone,Laptop,video,in,0,0,,35,169,,640,360,,,,1,1,0,srflx->srflx
1791377230912,nat-demo,Phone,Laptop,audio,out,14.48459456431508,0,0,28.936999999999998,565.384,,,,263.482,,,,1,0,srflx->srflx
1791377230912,nat-demo,Phone,Laptop,video,out,163.68951538005103,0,0,31.4,78.308,7,720,1280,263.482,none,,,1,0,srflx->srflx
1791377231911,nat-demo,Phone,Laptop,audio,in,29.13621590072396,0,0,5,70,,,,,,0,,1,0,srflx->srflx
1791377231911,nat-demo,Phone,Laptop,video,in,304.045735552872,0,0,180,70,3,640,360,,,,2,1,0,srflx->srflx
1791377231911,nat-demo,Phone,Laptop,audio,out,13.915924045965111,0,0,28.936999999999998,565.384,,,,296.033,,,,1,0,srflx->srflx
1791377231911,nat-demo,Phone,Laptop,video,out,253.58350609119518,0,0,31.4,78.308,16,720,1280,296.033,none,,,1,0,srflx->srflx
1791377229495,nat-demo,Laptop,Phone,audio,out,,,,,,,,,,,,,1,0,
1791377229495,nat-demo,Laptop,Phone,video,out,,,,,,,,,,bandwidth,,,1,0,
1791377230493,nat-demo,Laptop,Phone,audio,in,,0,,4,230,,,,,,,,1,0,srflx->srflx
1791377230493,nat-demo,Laptop,Phone,video,in,,0,,0,230,,,,,,,0,1,0,srflx->srflx
1791377230493,nat-demo,Laptop,Phone,audio,out,9.54967244947988,,,,230,,,,1258.086,,,,1,0,srflx->srflx
1791377230493,nat-demo,Laptop,Phone,video,out,67.52010654766369,,,,230,16,640,360,1258.086,bandwidth,,,1,0,srflx->srflx
1791377231493,nat-demo,Laptop,Phone,audio,in,12.4334979119806,0,0,27,292,,,,,,26,,1,0,srflx->srflx
1791377231493,nat-demo,Laptop,Phone,video,in,209.1306352976544,0,0,31,292,9,720,1280,,,,0,1,0,srflx->srflx
1791377231493,nat-demo,Laptop,Phone,audio,out,27.433653592286458,,,,292,,,,818.325,,,,1,0,srflx->srflx
1791377231493,nat-demo,Laptop,Phone,video,out,37.804230307295356,0,0,13.277,77.80499999999999,1,640,360,818.325,bandwidth,,,1,0,srflx->srflx
1791377232492,nat-demo,Laptop,Phone,audio,in,18.287810765334847,0,0,23,276,,,,,,64,,1,0,srflx->srflx
1791377232492,nat-demo,Laptop,Phone,video,in,214.5913984198665,0,0,98,276,9,720,1280,,,,1,1,0,srflx->srflx
1791377232492,nat-demo,Laptop,Phone,audio,out,28.036503582423112,0,0,9.041,685.318,,,,818.325,,,,1,0,srflx->srflx
1791377232492,nat-demo,Laptop,Phone,video,out,0,0,0,35.333,252.99099999999996,,640,360,818.325,bandwidth,,,1,0,srflx->srflx
1791377233493,nat-demo,Laptop,Phone,audio,in,15.323037518310317,0,0,21,276,,,,,,0,,1,0,srflx->srflx
1791377233493,nat-demo,Laptop,Phone,video,in,291.3695167540154,0,0,58,276,17,720,1280,,,,1,1,0,srflx->srflx
1791377233493,nat-demo,Laptop,Phone,audio,out,29.25525159990389,0,0,9.041,685.318,,,,132.506,,,,1,0,srflx->srflx
1791377233493,nat-demo,Laptop,Phone,video,out,384.1550251069347,0,0,171.29999999999998,43.166999999999994,25,640,360,132.506,bandwidth,,,1,0,srflx->srflx
1791377232913,nat-demo,Phone,Laptop,audio,in,28.253637894512888,0,0,12,38,,,,,,0,,1,0,srflx->srflx
1791377232913,nat-demo,Phone,Laptop,video,in,304.5540695963707,0,0,138,38,,640,360,,,,2,1,0,srflx->srflx
1791377232913,nat-demo,Phone,Laptop,audio,out,14.198772184678804,0,0,28.936999999999998,565.384,,,,286.536,,,,1,0,srflx->srflx
1791377232913,nat-demo,Phone,Laptop,video,out,265.81124864650945,0,0,58.744,58.196999999999996,26,540,960,286.536,bandwidth,,,1,0,srflx->srflx
1791377233916,nat-demo,Phone,Laptop,audio,in,29.293791548546977,0,0,8,38,,,,,,0,,1,0,srflx->srflx
1791377233916,nat-demo,Phone,Laptop,video,in,218.40246882874052,0,0,115,38,26,640,360,,,,3,1,0,srflx->srflx
1791377233916,nat-demo,Phone,Laptop,audio,out,14.202565238349916,0,0,28.936999999999998,565.384,,,,285.935,,,,1,0,srflx->srflx
1791377233916,nat-demo,Phone,Laptop,video,out,268.4717151650654,0,0,27.621999999999996,153.748,22,540,960,285.935,bandwidth,,,1,0,srflx->srflx
1791377234913,nat-demo,Phone,Laptop,audio,in,28.70655418559377,0,0,6,66,,,,,,0,,1,0,srflx->srflx
1791377234913,nat-demo,Phone,Laptop,video,in,119.59865139812541,0,0,56,66,21,640,360,,,,3,1,0,srflx->srflx
1791377234913,nat-demo,Phone,Laptop,audio,out,14.477184525232612,0,0,20.541,60.287,,,,301.135,,,,1,0,srflx->srflx
1791377234913,nat-demo,Phone,Laptop,video,out,243.35419730377205,0,0,24.366,50.14,29,540,960,301.135,bandwidth,,,1,0,srflx->srflx
1791377235913,nat-demo,Phone,Laptop,audio,in,28.12557484281155,0,0,19,66,,,,,,0,,1,0,srflx->srflx
1791377235913,nat-demo,Phone,Laptop,video,in,132.13335815706287,0,0,37,66,24,640,360,,,,3,1,0,srflx->srflx
1791377235913,nat-demo,Phone,Laptop,audio,out,14.499122129328699,0,0,20.541,60.287,,,,209.767,,,,1,0,srflx->srflx
1791377235913,nat-demo,Phone,Laptop,video,out,168.53728323826527,0,0,12.844,249.67999999999998,23,540,960,209.767,bandwidth,,,1,0,srflx->srflx
1791377236909,nat-demo,Phone,Laptop,audio,in,16.234485112833433,0,0,9,66,,,,,,6,,1,0,srflx->srflx
1791377236909,nat-demo,Phone,Laptop,video,in,157.8881689164821,0,0,47,66,31,640,360,,,,3,1,0,srflx->srflx
1791377236909,nat-demo,Phone,Laptop,audio,out,16.642547577473408,0,0,20.541,60.287,,,,151.669,,,,1,0,srflx->srflx
1791377236909,nat-demo,Phone,Laptop,video,out,122.49875163996052,0,0,21.465999999999998,222.47299999999998,19,540,960,151.669,bandwidth,,,1,0,srflx->srflx
1791377234493,nat-demo,Laptop,Phone,audio,in,13.916758645569368,0,0,21,276,,,,,,0,,1,0,srflx->srflx
1791377234493,nat-demo,Laptop,Phone,video,in,269.337268614683,0,0,35,276,23,540,960,,,,1,1,0,srflx->srflx
1791377234493,nat-demo,Laptop,Phone,audio,out,28.84128257236962,0,0,9.041,685.318,,,,146.86,,,,1,0,srflx->srflx
1791377234493,nat-demo,Laptop,Phone,video,out,298.3865027530209,0,0,138.422,187.42399999999998,13,640,360,146.86,bandwidth,,,1,0,srflx->srflx
1791377235498,nat-demo,Laptop,Phone,audio,in,13.834636147228451,0,0,22,38,,,,,,0,,1,0,srflx->srflx
1791377235498,nat-demo,Laptop,Phone,video,in,261.67271544257517,0,0,24,38,23,540,960,,,,1,1,0,srflx->srflx
1791377235498,nat-demo,Laptop,Phone,audio,out,28.544378663746798,0,0,9.041,685.318,,,,162.981,,,,1,0,srflx->srflx
1791377235498,nat-demo,Laptop,Phone,video,out,179.96164708824313,0,0,138.422,187.42399999999998,20,640,360,162.981,bandwidth,,,1,0,srflx->srflx
1791377236496,nat-demo,Laptop,Phone,audio,in,12.795333574094254,0,0,22,38,,,,,,0,,1,0,srflx->srflx
1791377236496,nat-demo,Laptop,Phone,video,in,222.1356439209538,0,0,16,38,34,540,960,,,,1,1,0,srflx->srflx
1791377236496,nat-demo,Laptop,Phone,audio,out,28.306771144192236,0,0,9.041,685.318,,,,177.733,,,,1,0,srflx->srflx
1791377236496,nat-demo,Laptop,Phone,video,out,124.08348845460095,0,0,78.277,51.01,20,640,360,177.733,bandwidth,,,1,0,srflx->srflx
1791377237491,nat-demo,Laptop,Phone,audio,in,17.999198887867866,0,0,17,38,,,,,,0,,1,0,srflx->srflx
1791377237491,nat-demo,Laptop,Phone,video,in,168.80481923925765,0,0,16,38,24,540,960,,,,1,1,0,srflx->srflx
1791377237491,nat-demo,Laptop,Phone,audio,out,26.476033395380252,0,0,9.041,685.318,,,,198.201,,,,1,0,srflx->srflx
1791377237491,nat-demo,Laptop,Phone,video,out,136.21645735648707,0,0,35.6,102.661,20,640,360,198.201,bandwidth,,,1,0,srflx->srflx
1791377238492,nat-demo,Laptop,Phone,audio,in,14.179803845471778,0,0,16,384,,,,,,0,,1,0,srflx->srflx
1791377238492,nat-demo,Laptop,Phone,video,in,98.97886754141884,0,0,17,384,18,540,960,,,,2,1,0,srflx->srflx
1791377238492,nat-demo,Laptop,Phone,audio,out,13.987968844180164,0,0,16.583000000000002,263.931,,,,212.161,,,,1,0,srflx->srflx
1791377238492,nat-demo,Laptop,Phone,video,out,132.19030214002947,0,0,48.955,221.466,14,640,360,212.161,bandwidth,,,1,0,srflx->srflx
1791377237904,nat-demo,Phone,Laptop,audio,in,13.725338003769533,0,0,5,65,,,,,,0,,1,0,srflx->srflx
1791377237904,nat-demo,Phone,Laptop,video,in,113.76424473678361,0,0,19,65,23,640,360,,,,3,1,0,srflx->srflx
1791377237904,nat-demo,Phone,Laptop,audio,out,18.223087250485847,0,0,20.541,60.287,,,,152.145,,,,1,0,srflx->srflx
1791377237904,nat-demo,Phone,Laptop,video,out,113.84427586217002,0,0,21.465999999999998,222.47299999999998,19,360,640,152.145,bandwidth,,,1,0,srflx->srflx
1791377238910,nat-demo,Phone,Laptop,audio,in,12.02833286950914,0,0,4,65,,,,,,0,,1,0,srflx->srflx
1791377238910,nat-demo,Phone,Laptop,video,in,132.76721968656867,0,0,8,65,26,640,360,,,,3,1,0,srflx->srflx
1791377238910,nat-demo,Phone,Laptop,audio,out,18.645914009677625,0,0,14.104000000000001,68.13,,,,156.761,,,,1,0,srflx->srflx
1791377238910,nat-demo,Phone,Laptop,video,out,110.6926313904994,0,0,23.233,172.928,13,360,640,156.761,bandwidth,,,1,0,srflx->srflx
1791377239919,nat-demo,Phone,Laptop,audio,in,14.802267949302085,0,0,9,65,,,,,,8,,1,0,srflx->srflx
1791377239919,nat-demo,Phone,Laptop,video,in,165.07521135698772,0,0,25,65,23,640,360,,,,3,1,0,srflx->srflx
1791377239919,nat-demo,Phone,Laptop,audio,out,26.02964854481046,0,0,14.104000000000001,68.13,,,,119.273,,,,1,0,srflx->srflx
1791377239919,nat-demo,Phone,Laptop,video,out,82.08675492963373,0,0,40.74399999999999,62.241,17,360,640,119.273,bandwidth,,,1,0,srflx->srflx
1791377240910,nat-demo,Phone,Laptop,audio,in,15.162288570466064,0,0,21,75,,,,,,36,,1,0,srflx->srflx
1791377240910,nat-demo,Phone,Laptop,video,in,128.51844597823617,0,0,68,75,19,640,360,,,,4,1,0,srflx->srflx
1791377240910,nat-demo,Phone,Laptop,audio,out,14.440274829015301,0,0,14.104000000000001,68.13,,,,120.541,,,,1,0,srflx->srflx
1791377240910,nat-demo,Phone,Laptop,video,out,56.89468282632028,0,0,40.74399999999999,62.241,10,360,640,120.541,bandwidth,,,1,0,srflx->srflx
1791377241909,nat-demo,Phone,Laptop,audio,in,14.281471382061335,0,0,6,75,,,,,,0,,1,0,srflx->srflx
1791377241909,nat-demo,Phone,Laptop,video,in,71.7273898824537,0,0,33,75,17,640,360,,,,4,1,0,srflx->srflx
1791377241909,nat-demo,Phone,Laptop,audio,out,14.689513421548803,0,0,15.687,74.249,,,,84.4,,,,1,0,srflx->srflx
1791377241909,nat-demo,Phone,Laptop,video,out,18.96195359971169,0,0,62.565999999999995,57.144,8,360,640,84.4,bandwidth,,,1,0,srflx->srflx
1791377239492,nat-demo,Laptop,Phone,audio,in,20.174257646087902,0,0,14,384,,,,,,0,,1,0,srflx->srflx
1791377239492,nat-demo,Laptop,Phone,video,in,136.19822849219787,0,0,24,384,17,360,640,,,,2,1,0,srflx->srflx
1791377239492,nat-demo,Laptop,Phone,audio,out,13.993242521067707,0,0,16.583000000000002,263.931,,,,233.133,,,,1,0,srflx->srflx
1791377239492,nat-demo,Laptop,Phone,video,out,136.78194660879097,0,0,20.488,42.74,20,640,360,233.133,bandwidth,,,1,0,srflx->srflx
1791377240500,nat-demo,Laptop,Phone,audio,in,12.203872087689586,0,0,14,384,,,,,,0,,1,0,srflx->srflx
1791377240500,nat-demo,Laptop,Phone,video,in,64.38594584194851,0,0,39,384,13,360,640,,,,2,1,0,srflx->srflx
1791377240500,nat-demo,Laptop,Phone,audio,out,13.89510484935379,0,0,16.583000000000002,263.931,,,,244.824,,,,1,0,srflx->srflx
1791377240500,nat-demo,Laptop,Phone,video,out,171.10829114489954,0,0,20.488,42.74,20,640,360,244.824,bandwidth,,,1,0,srflx->srflx
1791377241499,nat-demo,Laptop,Phone,audio,in,30.145000720621248,0,0,21,394,,,,,,0,,1,0,srflx->srflx
1791377241499,nat-demo,Laptop,Phone,video,in,98.67164734017476,0,0,47,394,19,360,640,,,,2,1,0,srflx->srflx
1791377241499,nat-demo,Laptop,Phone,audio,out,14.007899963113964,0,0,16.583000000000002,263.931,,,,201.241,,,,1,0,srflx->srflx
1791377241499,nat-demo,Laptop,Phone,video,out,133.0190180497302,0,0,35.877,31.403,19,640,360,201.241,bandwidth,,,1,0,srflx->srflx
1791377242505,nat-demo,Laptop,Phone,audio,in,16.036304131090265,0,0,14,394,,,,,,0,,1,0,srflx->srflx
1791377242505,nat-demo,Laptop,Phone,video,in,51.760035208831525,0,0,80,394,10,360,640,,,,3,1,0,srflx->srflx
1791377242505,nat-demo,Laptop,Phone,audio,out,14.198810949402839,0,0,16.583000000000002,263.931,,,,134.161,,,,1,0,srflx->srflx
1791377242505,nat-demo,Laptop,Phone,video,out,105.48483585435913,0,0,30.322,282.77599999999995,13,640,360,134.161,bandwidth,,,1,0,srflx->srflx
1791377243492,nat-demo,Laptop,Phone,audio,in,14.88562336745578,0,0,14,47,,,,,,0,,1,0,srflx->srflx
1791377243492,nat-demo,Laptop,Phone,video,in,32.72242696680366,0,0,50,47,4,360,640,,,,5,1,0,srflx->srflx
1791377243492,nat-demo,Laptop,Phone,audio,out,13.904599169491647,0,0,16.583000000000002,263.931,,,,135.826,,,,1,0,srflx->srflx
1791377243492,nat-demo,Laptop,Phone,video,out,67.25285720754123,0,0,30.322,282.77599999999995,19,640,360,135.826,bandwidth,,,1,0,srflx->srflx
1791377242911,nat-demo,Phone,Laptop,audio,in,14.000222171494421,0,0,11,112,,,,,,0,,1,0,srflx->srflx
1791377242911,nat-demo,Phone,Laptop,video,in,75.33719553655027,0,0,25,112,14,640,360,,,,5,1,0,srflx->srflx
1791377242911,nat-demo,Phone,Laptop,audio,out,25.016396988721745,0,0,15.687,74.249,,,,89.565,,,,1,0,srflx->srflx
1791377242911,nat-demo,Phone,Laptop,video,out,33.16052622905392,0,0,62.565999999999995,57.144,10,270,480,89.565,bandwidth,,,1,0,srflx->srflx
1791377243909,nat-demo,Phone,Laptop,audio,in,13.442678033514488,0,0,3,112,,,,,,0,,1,0,srflx->srflx
1791377243909,nat-demo,Phone,Laptop,video,in,54.78691458063911,0,0,16,112,9,640,360,,,,5,1,0,srflx->srflx
1791377243909,nat-demo,Phone,Laptop,audio,out,15.435074956338958,0,0,15.687,74.249,,,,97.294,,,,1,0,srflx->srflx
1791377243909,nat-demo,Phone,Laptop,video,out,51.18619725023344,0,0,47.211,66.68099999999998,5,270,480,97.294,bandwidth,,,1,0,srflx->srflx
1791377244909,nat-demo,Phone,Laptop,audio,in,14.282210674210802,0,0,3,112,,,,,,0,,1,0,srflx->srflx
1791377244909,nat-demo,Phone,Laptop,video,in,68.58661619010364,0,0,11,112,19,640,360,,,,5,1,0,srflx->srflx
1791377244909,nat-demo,Phone,Laptop,audio,out,14.402229251305013,0,0,15.687,74.249,,,,87.179,,,,1,0,srflx->srflx
1791377244909,nat-demo,Phone,Laptop,video,out,37.46979976881187,0,0,65.377,66.23799999999999,18,270,480,87.179,bandwidth,,,1,0,srflx->srflx
1791377245911,nat-demo,Phone,Laptop,audio,in,13.712885770931829,0,0,19,514,,,,,,0,,1,0,srflx->srflx
1791377245911,nat-demo,Phone,Laptop,video,in,96.27805105993595,0,0,47,514,11,480,270,,,,6,1,0,srflx->srflx
1791377245911,nat-demo,Phone,Laptop,audio,out,18.294508830257737,0,0,15.687,74.249,,,,84.4,,,,1,0,srflx->srflx
1791377245911,nat-demo,Phone,Laptop,video,out,31.95941949062071,0,0,32.466,31.295999999999996,7,270,480,84.4,bandwidth,,,1,0,srflx->srflx
1791377246911,nat-demo,Phone,Laptop,audio,in,14.006021631858815,0,0,14,514,,,,,,0,,1,0,srflx->srflx
1791377246911,nat-demo,Phone,Laptop,video,in,65.98837048838624,0,0,29,514,18,480,270,,,,6,1,0,srflx->srflx
1791377246911,nat-demo,Phone,Laptop,audio,out,29.132524994266333,0,0,15.687,74.249,,,,84.4,,,,1,0,srflx->srflx
1791377246911,nat-demo,Phone,Laptop,video,out,33.838548262570896,0,0,46.843999999999994,182.587,12,270,480,84.4,bandwidth,,,1,0,srflx->srflx
1791377244492,nat-demo,Laptop,Phone,audio,in,25.00391924897614,0,0,16,47,,,,,,0,,1,0,srflx->srflx
1791377244492,nat-demo,Laptop,Phone,video,in,29.44977121649476,0,0,47,47,9,270,480,,,,6,1,0,srflx->srflx
1791377244492,nat-demo,Laptop,Phone,audio,out,13.993239106398544,0,0,16.583000000000002,263.931,,,,152.956,,,,1,0,srflx->srflx
1791377244492,nat-demo,Laptop,Phone,video,out,61.27439501276117,0,0,27.177,50.613,9,640,360,152.956,bandwidth,,,1,0,srflx->srflx
1791377245493,nat-demo,Laptop,Phone,audio,in,15.139760423533742,0,0,15,47,,,,,,0,,1,0,srflx->srflx
1791377245493,nat-demo,Laptop,Phone,video,in,46.882871422480086,0,0,63,47,7,270,480,,,,7,1,0,srflx->srflx
1791377245493,nat-demo,Laptop,Phone,audio,out,13.996080687366112,0,0,5.645,44.708,,,,167.86,,,,1,0,srflx->srflx
1791377245493,nat-demo,Laptop,Phone,video,out,68.45283120180945,0,0,16.633,138.33599999999998,13,640,360,167.86,bandwidth,,,1,0,srflx->srflx
1791377246492,nat-demo,Laptop,Phone,audio,in,14.693908414833798,0,0,13,35,,,,,,0,,1,0,srflx->srflx
1791377246492,nat-demo,Laptop,Phone,video,in,42.52910093487298,0,0,27,35,16,270,480,,,,7,1,0,srflx->srflx
1791377246492,nat-demo,Laptop,Phone,audio,out,14.00563165901914,0,0,5.645,44.708,,,,178.868,,,,1,0,srflx->srflx
1791377246492,nat-demo,Laptop,Phone,video,out,69.90010680564181,0,0,13.921999999999999,49.010999999999996,20,640,360,178.868,bandwidth,,,1,0,srflx->srflx
1791377247492,nat-demo,Laptop,Phone,audio,in,21.598882698196977,0,0,21,35,,,,,,0,,1,0,srflx->srflx
1791377247492,nat-demo,Laptop,Phone,video,in,32.33834936375733,0,0,65,35,11,270,480,,,,7,1,0,srflx->srflx
1791377247492,nat-demo,Laptop,Phone,audio,out,13.994092825562646,0,0,5.645,44.708,,,,186.227,,,,1,0,srflx->srflx
1791377247492,nat-demo,Laptop,Phone,video,out,87.91488944242042,0,0,47.055,303.238,17,480,270,186.227,bandwidth,,,1,0,srflx->srflx
1791377248494,nat-demo,Laptop,Phone,audio,in,25.497465618764668,0,0,16,51,,,,,,0,,1,0,srflx->srflx
1791377248494,nat-demo,Laptop,Phone,video,in,28.726611734746147,0,0,50,51,7,270,480,,,,7,1,0,srflx->srflx
1791377248494,nat-demo,Laptop,Phone,audio,out,13.987637878632654,0,0,11.437,92.178,,,,190.497,,,,1,0,srflx->srflx
1791377248494,nat-demo,Laptop,Phone,video,out,82.4311482527649,0,0,33.7,296.661,20,480,270,190.497,bandwidth,,,1,0,srflx->srflx
1791377247909,nat-demo,Phone,Laptop,audio,in,14.557060866861109,0,0,6,514,,,,,,0,,1,0,srflx->srflx
1791377247909,nat-demo,Phone,Laptop,video,in,102.06739215495308,0,0,11,514,21,480,270,,,,6,1,0,srflx->srflx
1791377247909,nat-demo,Phone,Laptop,audio,out,15.332904220754257,0,0,20.312,38.727,,,,88.431,,,,1,0,srflx->srflx
1791377247909,nat-demo,Phone,Laptop,video,out,32.969343347912904,0,0,50.066,49.49999999999999,13,180,320,88.431,bandwidth,,,1,0,srflx->srflx
1791377248909,nat-demo,Phone,Laptop,audio,in,13.72130312180527,0,0,3,65,,,,,,0,,1,0,srflx->srflx
1791377248909,nat-demo,Phone,Laptop,video,in,129.28427821880544,0,0,5,65,20,480,270,,,,6,1,0,srflx->srflx
1791377248909,nat-demo,Phone,Laptop,audio,out,15.673488522225378,0,0,20.312,38.727,,,,96.003,,,,1,0,srflx->srflx
1791377248909,nat-demo,Phone,Laptop,video,out,49.924741387792935,0,0,30.976999999999997,52.597,22,180,320,96.003,bandwidth,,,1,0,srflx->srflx
1791377249910,nat-demo,Phone,Laptop,audio,in,13.99244353391186,0,0,6,65,,,,,,0,,1,0,srflx->srflx
1791377249910,nat-demo,Phone,Laptop,video,in,145.33751206623765,0,0,9,65,19,480,270,,,,6,1,0,srflx->srflx
1791377249910,nat-demo,Phone,Laptop,audio,out,14.104383082183155,0,0,20.312,38.727,,,,86.588,,,,1,0,srflx->srflx
1791377249910,nat-demo,Phone,Laptop,video,out,35.78867271873685,0,0,23.910999999999998,144.94299999999998,23,180,320,86.588,bandwidth,,,1,0,srflx->srflx
1791377250911,nat-demo,Phone,Laptop,audio,in,13.727316096444957,0,0,18,319,,,,,,0,,1,0,srflx->srflx
1791377250911,nat-demo,Phone,Laptop,video,in,160.20538289816082,0,0,41,319,10,480,270,,,,7,1,0,srflx->srflx
1791377250911,nat-demo,Phone,Laptop,audio,out,14.407678701808118,0,0,20.312,38.727,,,,88.086,,,,1,0,srflx->srflx
1791377250911,nat-demo,Phone,Laptop,video,out,25.141399334655166,0,0,23.910999999999998,144.94299999999998,11,180,320,88.086,bandwidth,,,1,0,srflx->srflx
1791377251910,nat-demo,Phone,Laptop,audio,in,14.27021013416089,0,0,10,319,,,,,,0,,1,0,srflx->srflx
1791377251910,nat-demo,Phone,Laptop,video,in,132.89283084602604,0,0,30,319,19,480,270,,,,7,1,0,srflx->srflx
1791377251910,nat-demo,Phone,Laptop,audio,out,15.76518452916822,0,0,20.312,38.727,,,,84.4,,,,1,0,srflx->srflx
1791377251910,nat-demo,Phone,Laptop,video,out,24.191403846482267,0,0,42.155,136.87099999999998,13,180,320,84.4,bandwidth,,,1,0,srflx->srflx
1791377249493,nat-demo,Laptop,Phone,audio,in,15.729262446538343,0,0,16,51,,,,,,0,,1,0,srflx->srflx
1791377249493,nat-demo,Laptop,Phone,video,in,39.35117261434224,0,0,50,51,12,180,320,,,,7,1,0,srflx->srflx
1791377249493,nat-demo,Laptop,Phone,audio,out,14.008248998189362,0,0,11.437,92.178,,,,208.06,,,,1,0,srflx->srflx
1791377249493,nat-demo,Laptop,Phone,video,out,103.02066548954119,0,0,10.866,42.144999999999996,20,480,270,208.06,bandwidth,,,1,0,srflx->srflx
1791377250495,nat-demo,Laptop,Phone,audio,in,14.687512484592185,0,0,21,51,,,,,,0,,1,0,srflx->srflx
1791377250495,nat-demo,Laptop,Phone,video,in,43.97473167261867,0,0,35,51,18,180,320,,,,7,1,0,srflx->srflx
1791377250495,nat-demo,Laptop,Phone,audio,out,13.969101547845828,0,0,11.437,92.178,,,,227.141,,,,1,0,srflx->srflx
1791377250495,nat-demo,Laptop,Phone,video,out,133.70425767223864,0,0,7.077,39.917,20,480,270,227.141,bandwidth,,,1,0,srflx->srflx
1791377251492,nat-demo,Laptop,Phone,audio,in,14.719645801006756,0,0,12,46,,,,,,0,,1,0,srflx->srflx
1791377251492,nat-demo,Laptop,Phone,video,in,33.03903068951462,0,0,18,46,27,180,320,,,,7,1,0,srflx->srflx
1791377251492,nat-demo,Laptop,Phone,audio,out,14.030163481351753,0,0,11.437,92.178,,,,254.592,,,,1,0,srflx->srflx
1791377251492,nat-demo,Laptop,Phone,video,out,160.1923980119368,0,0,9.854999999999999,56.992,20,480,270,254.592,bandwidth,,,1,0,srflx->srflx
1791377252491,nat-demo,Laptop,Phone,audio,in,14.816284891254988,0,0,17,46,,,,,,0,,1,0,srflx->srflx
1791377252491,nat-demo,Laptop,Phone,video,in,28.895759939269187,0,0,40,46,14,180,320,,,,7,1,0,srflx->srflx
1791377252491,nat-demo,Laptop,Phone,audio,out,14.015404626862827,0,0,3.0199999999999996,315.826,,,,181.245,,,,1,0,srflx->srflx
1791377252491,nat-demo,Laptop,Phone,video,out,162.89103697472171,0,0,7.133,241.76,19,480,270,181.245,bandwidth,,,1,0,srflx->srflx
1791377253492,nat-demo,Laptop,Phone,audio,in,15.652493735684045,0,0,17,46,,,,,,0,,1,0,srflx->srflx
1791377253492,nat-demo,Laptop,Phone,video,in,25.189483024075802,0,0,25,46,14,180,320,,,,7,1,0,srflx->srflx
1791377253492,nat-demo,Laptop,Phone,audio,out,13.989716055897384,0,0,3.0199999999999996,315.826,,,,183.026,,,,1,0,srflx->srflx
1791377253492,nat-demo,Laptop,Phone,video,out,122.30209482238519,0,0,31.321999999999996,129.94400000000002,20,480,270,183.026,bandwidth,,,1,0,srflx->srflx
1791377252909,nat-demo,Phone,Laptop,audio,in,13.169047289812873,0,0,5,319,,,,,,0,,1,0,srflx->srflx
1791377252909,nat-demo,Phone,Laptop,video,in,121.02714706832282,0,0,12,319,21,480,270,,,,7,1,0,srflx->srflx
1791377252909,nat-demo,Phone,Laptop,audio,out,14.409899770008009,0,0,20.312,38.727,,,,89.53,,,,1,0,srflx->srflx
1791377252909,nat-demo,Phone,Laptop,video,out,32.95063747408498,0,0,23.7,58.746,23,180,320,89.53,bandwidth,,,1,0,srflx->srflx
1791377253914,nat-demo,Phone,Laptop,audio,in,15.119848653858687,0,0,8,39,,,,,,0,,1,0,srflx->srflx
1791377253914,nat-demo,Phone,Laptop,video,in,153.77446075368874,0,0,16,39,20,480,270,,,,7,1,0,srflx->srflx
1791377253914,nat-demo,Phone,Laptop,audio,out,14.3998558608178,0,0,17.311999999999998,45.242,,,,102.996,,,,1,0,srflx->srflx
1791377253914,nat-demo,Phone,Laptop,video,out,35.50364461683855,0,0,21.155,50.232,24,180,320,102.996,bandwidth,,,1,0,srflx->srflx
1791377254910,nat-demo,Phone,Laptop,audio,in,13.722251306855032,0,0,4,39,,,,,,0,,1,0,srflx->srflx
1791377254910,nat-demo,Phone,Laptop,video,in,142.97545691089945,0,0,13,39,20,480,270,,,,7,1,0,srflx->srflx
1791377254910,nat-demo,Phone,Laptop,audio,out,14.402362887661257,0,0,17.311999999999998,45.242,,,,113.262,,,,1,0,srflx->srflx
1791377254910,nat-demo,Phone,Laptop,video,out,44.319271130419835,0,0,11.933,54.459,25,180,320,113.262,bandwidth,,,1,0,srflx->srflx
1791377255909,nat-demo,Phone,Laptop,audio,in,15.983536489148506,0,0,20,39,,,,,,0,,1,0,srflx->srflx
1791377255909,nat-demo,Phone,Laptop,video,in,155.55976888063785,0,0,37,39,20,480,270,,,,7,1,0,srflx->srflx
1791377255909,nat-demo,Phone,Laptop,audio,out,14.672886497038329,0,0,17.311999999999998,45.242,,,,119.52,,,,1,0,srflx->srflx
1791377255909,nat-demo,Phone,Laptop,video,out,54.6317277199096,0,0,10.454999999999998,39.230000000000004,24,180,320,119.52,bandwidth,,,1,0,srflx->srflx
1791377256911,nat-demo,Phone,Laptop,audio,in,24.845618599777737,0,0,15,61,,,,,,0,,1,0,srflx->srflx
1791377256911,nat-demo,Phone,Laptop,video,in,96.71615438824212,0,0,32,61,21,480,270,,,,7,1,0,srflx->srflx
1791377256911,nat-demo,Phone,Laptop,audio,out,14.124289787305164,0,0,17.311999999999998,45.242,,,,85.19,,,,1,0,srflx->srflx
1791377256911,nat-demo,Phone,Laptop,video,out,37.6647727661471,0,0,17.9,32.364,24,180,320,85.19,bandwidth,,,1,0,srflx->srflx
1791377254491,nat-demo,Laptop,Phone,audio,in,13.842922490973379,0,0,17,48,,,,,,0,,1,0,srflx->srflx
1791377254491,nat-demo,Laptop,Phone,video,in,31.37889316964278,0,0,18,48,17,180,320,,,,7,1,0,srflx->srflx
1791377254491,nat-demo,Laptop,Phone,audio,out,14.01916340231679,0,0,3.0199999999999996,315.826,,,,201.007,,,,1,0,srflx->srflx
1791377254491,nat-demo,Laptop,Phone,video,out,132.0925630518866,0,0,20.044,48.903999999999996,20,480,270,201.007,bandwidth,,,1,0,srflx->srflx
1791377255492,nat-demo,Laptop,Phone,audio,in,14.094722265504128,0,0,14,48,,,,,,0,,1,0,srflx->srflx
1791377255492,nat-demo,Laptop,Phone,video,in,35.07700155644168,0,0,11,48,24,180,320,,,,7,1,0,srflx->srflx
1791377255492,nat-demo,Laptop,Phone,audio,out,13.98285939038108,0,0,3.0199999999999996,315.826,,,,220.061,,,,1,0,srflx->srflx
1791377255492,nat-demo,Laptop,Phone,video,out,132.46961476178737,0,0,15.033,57.007,19,480,270,220.061,bandwidth,,,1,0,srflx->srflx
1791377256491,nat-demo,Laptop,Phone,audio,in,14.997595658983567,0,0,12,43,,,,,,0,,1,0,srflx->srflx
1791377256491,nat-demo,Laptop,Phone,video,in,51.72247733675102,0,0,11,43,25,180,320,,,,7,1,0,srflx->srflx
1791377256491,nat-demo,Laptop,Phone,audio,out,14.020188249583995,0,0,3.0199999999999996,315.826,,,,249.422,,,,1,0,srflx->srflx
1791377256491,nat-demo,Laptop,Phone,video,out,151.17768701122858,0,0,16.044,60.074,20,480,270,249.422,bandwidth,,,1,0,srflx->srflx
1791377257492,nat-demo,Laptop,Phone,audio,in,14.383572667739335,0,0,18,43,,,,,,0,,1,0,srflx->srflx
1791377257492,nat-demo,Laptop,Phone,video,in,51.41328141346383,0,0,27,43,25,180,320,,,,7,1,0,srflx->srflx
1791377257492,nat-demo,Laptop,Phone,audio,out,20.033120376679175,0,0,3.0199999999999996,315.826,,,,156.614,,,,1,0,srflx->srflx
1791377257492,nat-demo,Laptop,Phone,video,out,142.9087853276946,0,0,8.232999999999999,246.24599999999998,20,480,270,156.614,bandwidth,,,1,0,srflx->srflx
1791377258499,nat-demo,Laptop,Phone,audio,in,14.583830292270278,0,0,19,43,,,,,,0,,1,0,srflx->srflx
1791377258499,nat-demo,Laptop,Phone,video,in,35.927377130685436,0,0,21,43,25,180,320,,,,7,1,0,srflx->srflx
1791377258499,nat-demo,Laptop,Phone,audio,out,31.526809602407802,0,0,9.458,27.907999999999998,,,,169.529,,,,1,0,srflx->srflx
1791377258499,nat-demo,Laptop,Phone,video,out,115.63007492624098,0,0,22.677,50.079,20,480,270,169.529,bandwidth,,,1,0,srflx->srflx
1791377257909,nat-demo,Phone,Laptop,audio,in,38.82519444301995,0,0,5,61,,,,,,0,,1,0,srflx->srflx
1791377257909,nat-demo,Phone,Laptop,video,in,126.18188193981484,0,0,13,61,20,480,270,,,,7,1,0,srflx->srflx
1791377257909,nat-demo,Phone,Laptop,audio,out,14.40341096402224,0,0,17.311999999999998,45.242,,,,92.714,,,,1,0,srflx->srflx
1791377257909,nat-demo,Phone,Laptop,video,out,35.328366336754556,0,0,21.287999999999997,32.257,25,180,320,92.714,bandwidth,,,1,0,srflx->srflx
1791377258911,nat-demo,Phone,Laptop,audio,in,32.34792491961462,0,0,4,36,,,,,,0,,1,0,srflx->srflx
1791377258911,nat-demo,Phone,Laptop,video,in,115.23348328189127,0,0,17,36,20,480,270,,,,7,1,0,srflx->srflx
1791377258911,nat-demo,Phone,Laptop,audio,out,14.398186166000574,0,0,17.311999999999998,45.242,,,,106.184,,,,1,0,srflx->srflx
1791377258911,nat-demo,Phone,Laptop,video,out,39.21905931772267,0,0,17.011,188.18699999999998,24,180,320,106.184,bandwidth,,,1,0,srflx->srflx
1791377259912,nat-demo,Phone,Laptop,audio,in,32.39591887350129,0,0,4,36,,,,,,0,,1,0,srflx->srflx
1791377259912,nat-demo,Phone,Laptop,video,in,114.40958707350346,0,0,15,36,20,480,270,,,,7,1,0,srflx->srflx
1791377259912,nat-demo,Phone,Laptop,audio,out,14.686149889320586,0,0,15.562,40.160999999999994,,,,111.674,,,,1,0,srflx->srflx
1791377259912,nat-demo,Phone,Laptop,video,out,49.4097755263253,0,0,17.011,188.18699999999998,24,180,320,111.674,bandwidth,,,1,0,srflx->srflx
1791377260911,nat-demo,Phone,Laptop,audio,in,20.086474879470824,0,0,2,36,,,,,,0,,1,0,srflx->srflx
1791377260911,nat-demo,Phone,Laptop,video,in,84.76956363908893,0,0,11,36,19,480,270,,,,7,1,0,srflx->srflx
1791377260911,nat-demo,Phone,Laptop,audio,out,14.110928589162299,0,0,15.562,40.160999999999994,,,,121.539,,,,1,0,srflx->srflx
1791377260911,nat-demo,Phone,Laptop,video,out,61.075362686085114,0,0,14.043999999999999,40.709999999999994,25,180,320,121.539,bandwidth,,,1,0,srflx->srflx
1791377261918,nat-demo,Phone,Laptop,audio,in,42.08208226963643,0,0,7,389,,,,,,0,,1,0,srflx->srflx
1791377261918,nat-demo,Phone,Laptop,video,in,127.67722946967389,0,0,26,389,15,480,270,,,,7,1,0,srflx->srflx
1791377261918,nat-demo,Phone,Laptop,audio,out,14.38976977305197,0,0,15.562,40.160999999999994,,,,84.4,,,,1,0,srflx->srflx
1791377261918,nat-demo,Phone,Laptop,video,out,36.11832213036044,0,0,26.288,57.663,21,180,320,84.4,bandwidth,,,1,0,srflx->srflx
1791377259491,nat-demo,Laptop,Phone,audio,in,11.902912358530756,0,0,22,54,,,,,,0,,1,0,srflx->srflx
1791377259491,nat-demo,Laptop,Phone,video,in,28.15248444690438,0,0,21,54,24,180,320,,,,7,1,0,srflx->srflx
1791377259491,nat-demo,Laptop,Phone,audio,out,32.56365860687479,0,0,9.458,27.907999999999998,,,,183.741,,,,1,0,srflx->srflx
1791377259491,nat-demo,Laptop,Phone,video,out,110.00516767121817,0,0,19.311,224.716,20,480,270,183.741,bandwidth,,,1,0,srflx->srflx
1791377260497,nat-demo,Laptop,Phone,audio,in,16.882113760990777,0,0,15,54,,,,,,0,,1,0,srflx->srflx
1791377260497,nat-demo,Laptop,Phone,video,in,49.136171031282956,0,0,15,54,25,180,320,,,,7,1,0,srflx->srflx
1791377260497,nat-demo,Laptop,Phone,audio,out,33.81986537335958,0,0,9.458,27.907999999999998,,,,200.615,,,,1,0,srflx->srflx
1791377260497,nat-demo,Laptop,Phone,video,out,111.90361565018323,0,0,18.611,51.955999999999996,20,480,270,200.615,bandwidth,,,1,0,srflx->srflx
1791377261492,nat-demo,Laptop,Phone,audio,in,13.901404622859756,0,0,16,54,,,,,,0,,1,0,srflx->srflx
1791377261492,nat-demo,Laptop,Phone,video,in,48.799722478163936,0,0,13,54,25,180,320,,,,7,1,0,srflx->srflx
1791377261492,nat-demo,Laptop,Phone,audio,out,32.58141708482755,0,0,9.458,27.907999999999998,,,,224.009,,,,1,0,srflx->srflx
1791377261492,nat-demo,Laptop,Phone,video,out,123.50368273735126,0,0,13.377,40.573,20,480,270,224.009,bandwidth,,,1,0,srflx->srflx
1791377262503,nat-demo,Laptop,Phone,audio,in,8.261462758712625,0,0,27,50,,,,,,0,,1,0,srflx->srflx
1791377262503,nat-demo,Laptop,Phone,video,in,33.29907594699495,0,0,34,50,25,180,320,,,,7,1,0,srflx->srflx
1791377262503,nat-demo,Laptop,Phone,audio,out,31.937992044218532,0,0,9.458,27.907999999999998,,,,240.509,,,,1,0,srflx->srflx
1791377262503,nat-demo,Laptop,Phone,video,out,135.11131718607217,0,0,13.377,40.573,19,480,270,240.509,bandwidth,,,1,0,srflx->srflx
1791377263492,nat-demo,Laptop,Phone,audio,in,20.98944654212079,0,0,21,50,,,,,,0,,1,0,srflx->srflx
1791377263492,nat-demo,Laptop,Phone,video,in,60.96818789183156,0,0,40,50,23,180,320,,,,7,1,0,srflx->srflx
1791377263492,nat-demo,Laptop,Phone,audio,out,32.747423540253266,0,0,9.458,27.907999999999998,,,,260.832,,,,1,0,srflx->srflx
1791377263492,nat-demo,Laptop,Phone,video,out,96.50934563618655,0,0,26.154999999999998,170.853,15,480,270,260.832,bandwidth,,,1,0,srflx->srflx
1791377262910,nat-demo,Phone,Laptop,audio,in,35.25054117895407,0,0,6,389,,,,,,0,,1,0,srflx->srflx
1791377262910,nat-demo,Phone,Laptop,video,in,173.7147950263333,0,0,18,389,14,480,270,,,,8,1,0,srflx->srflx
1791377262910,nat-demo,Phone,Laptop,audio,out,14.699067364197067,0,0,18.791,55.175999999999995,,,,84.4,,,,1,0,srflx->srflx
1791377262910,nat-demo,Phone,Laptop,video,out,22.84920384390982,0,0,36.276999999999994,226.959,12,180,320,84.4,bandwidth,,,1,0,srflx->srflx
1791377263920,nat-demo,Phone,Laptop,audio,in,33.46185961737799,0,0,6,389,,,,,,0,,1,0,srflx->srflx
1791377263920,nat-demo,Phone,Laptop,video,in,194.47556040116575,0,0,17,389,20,480,270,,,,8,1,0,srflx->srflx
1791377263920,nat-demo,Phone,Laptop,audio,out,14.111097385860573,0,0,18.791,55.175999999999995,,,,84.4,,,,1,0,srflx->srflx
1791377263920,nat-demo,Phone,Laptop,video,out,28.8381553718976,0,0,29.165999999999997,177.063,24,180,320,84.4,bandwidth,,,1,0,srflx->srflx
1791377264911,nat-demo,Phone,Laptop,audio,in,24.228089664952165,0,0,9,60,,,,,,0,,1,0,srflx->srflx
1791377264911,nat-demo,Phone,Laptop,video,in,172.87177330670286,0,0,23,60,21,480,270,,,,8,1,0,srflx->srflx
1791377264911,nat-demo,Phone,Laptop,audio,out,14.37868822845826,0,0,18.791,55.175999999999995,,,,85.011,,,,1,0,srflx->srflx
1791377264911,nat-demo,Phone,Laptop,video,out,32.719503879869464,0,0,29.165999999999997,177.063,27,180,320,85.011,bandwidth,,,1,0,srflx->srflx
1791377265916,nat-demo,Phone,Laptop,audio,in,1.223825210510706,0,0,10,60,,,,,,0,,1,0,srflx->srflx
1791377265916,nat-demo,Phone,Laptop,video,in,165.78432230748294,0,0,19,60,21,480,270,,,,8,1,0,srflx->srflx
1791377265916,nat-demo,Phone,Laptop,audio,out,14.397943653067129,0,0,18.791,55.175999999999995,,,,100.011,,,,1,0,srflx->srflx
1791377265916,nat-demo,Phone,Laptop,video,out,36.75475060324636,0,0,12.976999999999999,44.144,30,180,320,100.011,bandwidth,,,1,0,srflx->srflx
1791377266915,nat-demo,Phone,Laptop,audio,in,28.659077790783773,0,0,2,56,,,,,,0,,1,0,srflx->srflx
1791377266915,nat-demo,Phone,Laptop,video,in,150.41411489859803,0,0,8,56,20,480,270,,,,8,1,0,srflx->srflx
1791377266915,nat-demo,Phone,Laptop,audio,out,14.70189070239704,0,0,18.791,55.175999999999995,,,,113.011,,,,1,0,srflx->srflx
1791377266915,nat-demo,Phone,Laptop,video,out,46.06752571399247,0,0,13.110999999999999,44.861,30,180,320,113.011,bandwidth,,,1,0,srflx->srflx
1791377264493,nat-demo,Laptop,Phone,audio,in,12.64915370139577,0,0,18,50,,,,,,0,,1,0,srflx->srflx
1791377264493,nat-demo,Laptop,Phone,video,in,17.32071614793398,0,0,29,50,13,180,320,,,,7,1,0,srflx->srflx
1791377264493,nat-demo,Laptop,Phone,audio,out,32.501297704975244,0,0,9.458,27.907999999999998,,,,275.818,,,,1,0,srflx->srflx
1791377264493,nat-demo,Laptop,Phone,video,out,182.16697868449515,0,0,26.154999999999998,170.853,20,480,270,275.818,bandwidth,,,1,0,srflx->srflx
1791377265492,nat-demo,Laptop,Phone,audio,in,16.1379286084212,0,0,17,230,,,,,,0,,1,0,srflx->srflx
1791377265492,nat-demo,Laptop,Phone,video,in,37.84728495070209,0,0,30,230,20,180,320,,,,7,1,0,srflx->srflx
1791377265492,nat-demo,Laptop,Phone,audio,out,32.419945865131865,0,0,9.854,256.5,,,,228.467,,,,1,0,srflx->srflx
1791377265492,nat-demo,Laptop,Phone,video,out,179.1902439977721,0,0,15.865999999999998,81.711,20,480,270,228.467,bandwidth,,,1,0,srflx->srflx
1791377266492,nat-demo,Laptop,Phone,audio,in,14.392817646662653,0,0,14,230,,,,,,0,,1,0,srflx->srflx
1791377266492,nat-demo,Laptop,Phone,video,in,30.848605822680284,0,0,17,230,25,180,320,,,,7,1,0,srflx->srflx
1791377266492,nat-demo,Laptop,Phone,audio,out,15.544243058395663,0,0,9.854,256.5,,,,237.56,,,,1,0,srflx->srflx
1791377266492,nat-demo,Laptop,Phone,video,out,165.5014109170131,0,0,14.433,217.01,20,480,270,237.56,bandwidth,,,1,0,srflx->srflx
1791377267492,nat-demo,Laptop,Phone,audio,in,14.401037184074537,0,0,11,42,,,,,,0,,1,0,srflx->srflx
1791377267492,nat-demo,Laptop,Phone,video,in,37.386692645100176,0,0,14,42,30,180,320,,,,7,1,0,srflx->srflx
1791377267492,nat-demo,Laptop,Phone,audio,out,6.816490933795281,0,0,9.854,256.5,,,,262.327,,,,1,0,srflx->srflx
1791377267492,nat-demo,Laptop,Phone,video,out,162.4036965552939,0,0,16.866,37.628,20,480,270,262.327,bandwidth,,,1,0,srflx->srflx
1791377268502,nat-demo,Laptop,Phone,audio,in,11.120913047524544,0,0,13,42,,,,,,0,,1,0,srflx->srflx
1791377268502,nat-demo,Laptop,Phone,video,in,36.016233352631126,0,0,10,42,30,180,320,,,,7,1,0,srflx->srflx
1791377268502,nat-demo,Laptop,Phone,audio,out,32.07955686785926,0,0,4.354,54.993,,,,282.081,,,,1,0,srflx->srflx
1791377268502,nat-demo,Laptop,Phone,video,out,169.8473920783966,0,0,9.122,54.443,20,480,270,282.081,bandwidth,,,1,0,srflx->srflx
1791377269501,nat-demo,Laptop,Phone,audio,in,17.895438996049155,0,0,14,42,,,,,,0,,1,0,srflx->srflx
1791377269501,nat-demo,Laptop,Phone,video,in,52.0988183675302,0,0,19,42,28,180,320,,,,7,1,0,srflx->srflx
1791377269501,nat-demo,Laptop,Phone,audio,out,32.47156269444403,0,0,4.354,54.993,,,,307.197,,,,1,0,srflx->srflx
1791377269501,nat-demo,Laptop,Phone,video,out,142.15328557345498,0,0,9.122,54.443,17,480,270,307.197,bandwidth,,,1,0,srflx->srflx
1791377270493,nat-demo,Laptop,Phone,audio,in,14.245639821814754,0,0,19,189,,,,,,0,,1,0,srflx->srflx
1791377270493,nat-demo,Laptop,Phone,video,in,30.324477058341497,0,0,27,189,29,180,320,,,,7,1,0,srflx->srflx
1791377270493,nat-demo,Laptop,Phone,audio,out,32.706826121513465,0,0,4.354,54.993,,,,209.775,,,,1,0,srflx->srflx
1791377270493,nat-demo,Laptop,Phone,video,out,178.0785735322206,0,0,53.087999999999994,111.053,19,480,270,209.775,bandwidth,,,1,0,srflx->srflx
1791377271495,nat-demo,Laptop,Phone,audio,in,14.059571801830769,0,0,16,189,,,,,,0,,1,0,srflx->srflx
1791377271495,nat-demo,Laptop,Phone,video,in,37.57189425954096,0,0,25,189,27,120,213,,,,7,1,0,srflx->srflx
1791377271495,nat-demo,Laptop,Phone,audio,out,32.27962913685636,0,0,17.083,53.848,,,,217.97,,,,1,0,srflx->srflx
1791377271495,nat-demo,Laptop,Phone,video,out,159.41354626327507,0,0,49.022,45.12,19,480,270,217.97,bandwidth,,,1,0,srflx->srflx
1791377272491,nat-demo,Laptop,Phone,audio,in,6.647644906896625,0,0,47,189,,,,,,0,,1,0,srflx->srflx
1791377272491,nat-demo,Laptop,Phone,video,in,18.272994937314877,0,0,46,189,23,120,213,,,,7,1,0,srflx->srflx
1791377272491,nat-demo,Laptop,Phone,audio,out,33.79219494339117,0,0,17.083,53.848,,,,224.239,,,,1,0,srflx->srflx
1791377272491,nat-demo,Laptop,Phone,video,out,135.2811795666765,0,0,49.022,45.12,16,480,270,224.239,bandwidth,,,1,0,srflx->srflx
1791377273497,nat-demo,Laptop,Phone,audio,in,12.659998346294273,0,0,12,189,,,,,,25.5,,1,2,srflx->srflx
1791377273497,nat-demo,Laptop,Phone,video,in,21.819315331681416,0,0,28,189,21,120,213,,,,7,1,2,srflx->srflx
1791377273497,nat-demo,Laptop,Phone,audio,out,30.32325361479828,0,0,17.083,53.848,,,,129.229,,,,1,2,srflx->srflx
1791377273497,nat-demo,Laptop,Phone,video,out,63.299991731471366,0,0,47.98799999999999,693.237,10,480,270,129.229,bandwidth,,,1,2,srflx->srflx
1791377267911,nat-demo,Phone,Laptop,audio,in,32.42237745631567,0,0,9,56,,,,,,0,,1,0,srflx->srflx
1791377267911,nat-demo,Phone,Laptop,video,in,144.63582555635935,0,0,34,56,20,480,270,,,,8,1,0,srflx->srflx
1791377267911,nat-demo,Phone,Laptop,audio,out,14.121746625417495,0,0,18.791,55.175999999999995,,,,84.4,,,,1,0,srflx->srflx
1791377267911,nat-demo,Phone,Laptop,video,out,42.19712384499751,0,0,10.344,383.438,27,180,320,84.4,bandwidth,,,1,0,srflx->srflx
1791377269056,nat-demo,Phone,Laptop,audio,in,32.389245758244336,0,0,16,56,,,,,,0,,1,2,srflx->srflx
1791377269056,nat-demo,Phone,Laptop,video,in,179.84428607688855,0,0,47,56,18,480,270,,,,8,1,2,srflx->srflx
1791377269056,nat-demo,Phone,Laptop,audio,out,14.395220336997482,0,0,18.791,55.175999999999995,,,,84.4,,,,1,2,srflx->srflx
1791377269056,nat-demo,Phone,Laptop,video,out,34.95639338500889,0,0,19.976999999999997,646.79,29,180,320,84.4,bandwidth,,,1,2,srflx->srflx
1791377269913,nat-demo,Phone,Laptop,audio,in,33.03524884559939,0,0,12,98,,,,,,0,,1,2,srflx->srflx
1791377269913,nat-demo,Phone,Laptop,video,in,168.16708980249567,0,0,49,98,19,480,270,,,,8,1,2,srflx->srflx
1791377269913,nat-demo,Phone,Laptop,audio,out,14.682332820266396,0,0,17.333,129.715,,,,84.4,,,,1,2,srflx->srflx
1791377269913,nat-demo,Phone,Laptop,video,out,32.53944022094987,0,0,24.388,52.443999999999996,27,120,213,84.4,bandwidth,,,1,2,srflx->srflx
1791377270910,nat-demo,Phone,Laptop,audio,in,14.749927338964829,0,0,25,98,,,,,,0,,1,2,srflx->srflx
1791377270910,nat-demo,Phone,Laptop,video,in,82.62520338983879,0,0,47,98,15,480,270,,,,8,1,2,srflx->srflx
1791377270910,nat-demo,Phone,Laptop,audio,out,14.117673264207248,0,0,17.333,129.715,,,,88.778,,,,1,2,srflx->srflx
1791377270910,nat-demo,Phone,Laptop,video,out,34.54188084371796,0,0,24.388,52.443999999999996,16,120,213,88.778,bandwidth,,,1,2,srflx->srflx
1791377271992,nat-demo,Phone,Laptop,audio,in,49.52820307424793,0,0,11,98,,,,,,41.614583333333336,,1,4,srflx->srflx
1791377271992,nat-demo,Phone,Laptop,video,in,147.8403657446528,0,0,63,98,19,480,270,,,,10,1,4,srflx->srflx
1791377271992,nat-demo,Phone,Laptop,audio,out,14.404712479180201,0,0,17.333,129.715,,,,84.4,,,,1,4,srflx->srflx
1791377271992,nat-demo,Phone,Laptop,video,out,25.38430443553311,0,0,29.932999999999996,806.9309999999999,28,120,213,84.4,bandwidth,,,1,4,srflx->srflx
1791377274495,nat-demo,Laptop,Phone,audio,in,14.694995908696768,0,0,15,1216,,,,,,40,,1,4,srflx->srflx
1791377274495,nat-demo,Laptop,Phone,video,in,21.906429086112773,0,0,25,1216,28,60,107,,,,8,1,4,srflx->srflx
1791377274495,nat-demo,Laptop,Phone,audio,out,29.566075646364844,0,0,17.083,53.848,,,,129.229,,,,1,4,srflx->srflx
1791377274495,nat-demo,Laptop,Phone,video,out,45.78979934294891,0,0,59.611,880.8589999999999,19,320,180,129.229,bandwidth,,,1,4,srflx->srflx
1791377275492,nat-demo,Laptop,Phone,audio,in,23.89367485241973,0,0,16,808,,,,,,0,,1,4,srflx->srflx
1791377275492,nat-demo,Laptop,Phone,video,in,44.84462134282792,0,0,19,808,32,45,80,,,,8,1,4,srflx->srflx
1791377275492,nat-demo,Laptop,Phone,audio,out,28.195815772969194,0,0,17.083,53.848,,,,132.359,,,,1,4,srflx->srflx
1791377275492,nat-demo,Laptop,Phone,video,out,34.18522757499811,0,0,38.744,276.154,15,160,90,132.359,bandwidth,,,1,4,srflx->srflx
1791377276491,nat-demo,Laptop,Phone,audio,in,14.127514052296688,0,0,14,808,,,,,,0,,1,4,srflx->srflx
1791377276491,nat-demo,Laptop,Phone,video,in,30.841868829588744,0,0,18,808,29,45,80,,,,8,1,4,srflx->srflx
1791377276491,nat-demo,Laptop,Phone,audio,out,28.759582177889687,0,0,17.083,53.848,,,,138.985,,,,1,4,srflx->srflx
1791377276491,nat-demo,Laptop,Phone,video,out,46.70729135657272,0,0,23.233,198.074,20,160,90,138.985,bandwidth,,,1,4,srflx->srflx
1791377277500,nat-demo,Laptop,Phone,audio,in,14.556553891894652,0,0,15,46,,,,,,0,,1,4,srflx->srflx
1791377277500,nat-demo,Laptop,Phone,video,in,36.46274038606945,0,0,17,46,28,45,80,,,,8,1,4,srflx->srflx
1791377277500,nat-demo,Laptop,Phone,audio,out,28.042772938797047,0,0,6.478999999999999,63.919000000000004,,,,151.725,,,,1,4,srflx->srflx
1791377277500,nat-demo,Laptop,Phone,video,out,76.08098646330124,0,0,13.988,45.532,20,160,90,151.725,bandwidth,,,1,4,srflx->srflx
1791377278494,nat-demo,Laptop,Phone,audio,in,13.941429999121015,0,0,18,46,,,,,,0,,1,3,srflx->srflx
1791377278494,nat-demo,Laptop,Phone,video,in,21.39622242920656,0,0,18,46,26,45,80,,,,8,1,3,srflx->srflx
1791377278494,nat-demo,Laptop,Phone,audio,out,27.334238910313655,0,0,6.478999999999999,63.919000000000004,,,,169.805,,,,1,3,srflx->srflx
1791377278494,nat-demo,Laptop,Phone,video,out,78.69485428901989,0,0,10.744,63.20199999999999,20,160,90,169.805,bandwidth,,,1,3,srflx->srflx
1791377273002,nat-demo,Phone,Laptop,audio,in,30.1083663011677,0,0,14,1020.9999999999999,,,,,,0,,1,5,srflx->srflx
1791377273002,nat-demo,Phone,Laptop,video,in,49.31915224033954,0,0,55,1020.9999999999999,14,320,180,,,,11,1,5,srflx->srflx
1791377273002,nat-demo,Phone,Laptop,audio,out,14.402088584135493,0,0,17.333,129.715,,,,84.4,,,,1,5,srflx->srflx
1791377273002,nat-demo,Phone,Laptop,video,out,25.643718840085697,0,0,35.655,644.196,30,60,107,84.4,bandwidth,,,1,5,srflx->srflx
1791377273909,nat-demo,Phone,Laptop,audio,in,28.108596224675917,0,0,12,1020.9999999999999,,,,,,0,,1,5,srflx->srflx
1791377273909,nat-demo,Phone,Laptop,video,in,30.684284324945025,0,0,37,1020.9999999999999,17,160,90,,,,11,1,5,srflx->srflx
1791377273909,nat-demo,Phone,Laptop,audio,out,14.686221590354293,0,0,17.686999999999998,1194.077,,,,84.4,,,,1,5,srflx->srflx
1791377273909,nat-demo,Phone,Laptop,video,out,22.933222930035814,0,0,35.655,644.196,29,45,80,84.4,bandwidth,,,1,5,srflx->srflx
1791377274909,nat-demo,Phone,Laptop,audio,in,28.68467806761454,0,0,13,99,,,,,,0,,1,5,srflx->srflx
1791377274909,nat-demo,Phone,Laptop,video,in,44.96733353974721,0,0,29,99,15,160,90,,,,11,1,5,srflx->srflx
1791377274909,nat-demo,Phone,Laptop,audio,out,14.114301844148411,0,0,17.686999999999998,1194.077,,,,85.4,,,,1,5,srflx->srflx
1791377274909,nat-demo,Phone,Laptop,video,out,33.34143751959548,0,0,19,92.00999999999999,30,45,80,85.4,bandwidth,,,1,5,srflx->srflx
1791377275911,nat-demo,Phone,Laptop,audio,in,28.549863484364494,0,0,7,99,,,,,,0,,1,5,srflx->srflx
1791377275911,nat-demo,Phone,Laptop,video,in,66.93046317831016,0,0,14,99,15,160,90,,,,12,1,5,srflx->srflx
1791377275911,nat-demo,Phone,Laptop,audio,out,14.374756439680024,0,0,17.686999999999998,1194.077,,,,84.918,,,,1,5,srflx->srflx
1791377275911,nat-demo,Phone,Laptop,video,out,36.607713066385124,0,0,17.833,136.2,30,45,80,84.918,bandwidth,,,1,5,srflx->srflx
1791377277005,nat-demo,Phone,Laptop,audio,in,27.201725693978336,0,0,3,99,,,,,,0,,1,4,srflx->srflx
1791377277005,nat-demo,Phone,Laptop,video,in,79.14540394848837,0,0,10,99,20,160,90,,,,12,1,4,srflx->srflx
1791377277005,nat-demo,Phone,Laptop,audio,out,14.422122606527543,0,0,14.604,1049.118,,,,89.69,,,,1,4,srflx->srflx
1791377277005,nat-demo,Phone,Laptop,video,out,21.793429716530508,0,0,18.377,89.63,22,45,80,89.69,bandwidth,,,1,4,srflx->srflx
1791377279494,nat-demo,Laptop,Phone,audio,in,14.978230644700506,0,0,20,110,,,,,,0,,1,3,srflx->srflx
1791377279494,nat-demo,Laptop,Phone,video,in,38.66975892405852,0,0,43,110,21,60,107,,,,8,1,3,srflx->srflx
1791377279494,nat-demo,Laptop,Phone,audio,out,27.772135987048856,0,0,10.083,232.29999999999998,,,,184.385,,,,1,3,srflx->srflx
1791377279494,nat-demo,Laptop,Phone,video,out,57.880619916540304,0,0,14.466,396.60599999999994,18,240,135,184.385,bandwidth,,,1,3,srflx->srflx
1791377280491,nat-demo,Laptop,Phone,audio,in,14.406626485424448,0,0,18,110,,,,,,0,,1,3,srflx->srflx
1791377280491,nat-demo,Laptop,Phone,video,in,36.48878341502781,0,0,24,110,21,60,107,,,,8,1,3,srflx->srflx
1791377280491,nat-demo,Laptop,Phone,audio,out,27.1404835622635,0,0,10.083,232.29999999999998,,,,190.347,,,,1,3,srflx->srflx
1791377280491,nat-demo,Laptop,Phone,video,out,94.75558386718892,0,0,35.344,163.605,20,240,135,190.347,bandwidth,,,1,3,srflx->srflx
1791377281491,nat-demo,Laptop,Phone,audio,in,14.683167746552162,0,0,18,110,,,,,,0,,1,3,srflx->srflx
1791377281491,nat-demo,Laptop,Phone,video,in,32.413332721555506,0,0,21,110,24,60,107,,,,8,1,3,srflx->srflx
1791377281491,nat-demo,Laptop,Phone,audio,out,28.34267238223358,0,0,10.083,232.29999999999998,,,,204.389,,,,1,3,srflx->srflx
1791377281491,nat-demo,Laptop,Phone,video,out,104.58957940599626,0,0,19.777,177.948,20,240,135,204.389,bandwidth,,,1,3,srflx->srflx
1791377282494,nat-demo,Laptop,Phone,audio,in,13.248054984603206,0,0,18,48,,,,,,0,,1,2,srflx->srflx
1791377282494,nat-demo,Laptop,Phone,video,in,35.18414602794982,0,0,21,48,27,60,107,,,,8,1,2,srflx->srflx
1791377282494,nat-demo,Laptop,Phone,audio,out,29.336121756364708,0,0,10.083,232.29999999999998,,,,214.614,,,,1,2,srflx->srflx
1791377282494,nat-demo,Laptop,Phone,video,out,130.48054154521637,0,0,13.810999999999998,57.586999999999996,20,240,135,214.614,bandwidth,,,1,2,srflx->srflx
1791377283492,nat-demo,Laptop,Phone,audio,in,15.254938655822846,0,0,20,48,,,,,,0,,1,2,srflx->srflx
1791377283492,nat-demo,Laptop,Phone,video,in,40.13615935651504,0,0,19,48,29,60,107,,,,8,1,2,srflx->srflx
1791377283492,nat-demo,Laptop,Phone,audio,out,29.5264614549024,0,0,10.083,232.29999999999998,,,,1375.407,,,,1,2,srflx->srflx
1791377283492,nat-demo,Laptop,Phone,video,out,197.76253021581664,0,0,25.610999999999997,128.723,20,320,180,1375.407,bandwidth,,,1,2,srflx->srflx
1791377277910,nat-demo,Phone,Laptop,audio,in,11.098597020883876,0,0,48,78,,,,,,0,,1,4,srflx->srflx
1791377277910,nat-demo,Phone,Laptop,video,in,30.05736758033321,0,0,52,78,18,160,90,,,,12,1,4,srflx->srflx
1791377277910,nat-demo,Phone,Laptop,audio,out,14.392993254748545,0,0,14.604,1049.118,,,,142.658,,,,1,4,srflx->srflx
1791377277910,nat-demo,Phone,Laptop,video,out,39.30886380019103,0,0,17.544,70.038,25,60,107,142.658,bandwidth,,,1,4,srflx->srflx
1791377278911,nat-demo,Phone,Laptop,audio,in,43.369342299536434,0,0,13,78,,,,,,0,,1,4,srflx->srflx
1791377278911,nat-demo,Phone,Laptop,video,in,113.33513191660288,0,0,33,78,19,240,135,,,,12,1,4,srflx->srflx
1791377278911,nat-demo,Phone,Laptop,audio,out,14.41107922081698,0,0,14.604,1049.118,,,,84.4,,,,1,4,srflx->srflx
1791377278911,nat-demo,Phone,Laptop,video,out,30.287284829083685,0,0,22.333,294.373,22,60,107,84.4,bandwidth,,,1,4,srflx->srflx
1791377279915,nat-demo,Phone,Laptop,audio,in,27.327687452192237,0,0,14,80,,,,,,0,,1,4,srflx->srflx
1791377279915,nat-demo,Phone,Laptop,video,in,92.83258601737977,0,0,20,80,20,240,135,,,,12,1,4,srflx->srflx
1791377279915,nat-demo,Phone,Laptop,audio,out,14.39140942479404,0,0,14.604,1049.118,,,,90.985,,,,1,4,srflx->srflx
1791377279915,nat-demo,Phone,Laptop,video,out,34.411458980174196,0,0,25.3,57.281,26,60,107,90.985,bandwidth,,,1,4,srflx->srflx
1791377280914,nat-demo,Phone,Laptop,audio,in,30.364131597976478,0,0,4,80,,,,,,0,,1,4,srflx->srflx
1791377280914,nat-demo,Phone,Laptop,video,in,135.56301260176383,0,0,13,80,21,240,135,,,,12,1,4,srflx->srflx
1791377280914,nat-demo,Phone,Laptop,audio,out,14.682261157199056,0,0,15.312,113.342,,,,98.874,,,,1,4,srflx->srflx
1791377280914,nat-demo,Phone,Laptop,video,out,36.51372791055059,0,0,20.877,60.257,29,60,107,98.874,bandwidth,,,1,4,srflx->srflx
1791377282013,nat-demo,Phone,Laptop,audio,in,29.183316016030876,0,0,6,80,,,,,,0,,1,3,srflx->srflx
1791377282013,nat-demo,Phone,Laptop,video,in,155.06931137582254,0,0,24,80,20,320,180,,,,12,1,3,srflx->srflx
1791377282013,nat-demo,Phone,Laptop,audio,out,14.088497387049388,0,0,15.312,113.342,,,,85.045,,,,1,3,srflx->srflx
1791377282013,nat-demo,Phone,Laptop,video,out,41.29910430183242,0,0,18.511,43.166999999999994,29,60,107,85.045,bandwidth,,,1,3,srflx->srflx
1791377282912,nat-demo,Phone,Laptop,audio,in,11.185519707446327,0,0,4,80,,,,,,0,,1,3,srflx->srflx
1791377282912,nat-demo,Phone,Laptop,video,in,108.24412378308297,0,0,18,80,18,320,180,,,,12,1,3,srflx->srflx
1791377282912,nat-demo,Phone,Laptop,audio,out,14.412265907948024,0,0,15.312,113.342,,,,89.011,,,,1,3,srflx->srflx
1791377282912,nat-demo,Phone,Laptop,video,out,38.89710432267305,0,0,18.566,43.488,28,90,160,89.011,bandwidth,,,1,3,srflx->srflx
1791377284033,nat-demo,Phone,Laptop,audio,in,28.066974080983723,0,0,17,80,,,,,,34.275,,1,5,srflx->srflx
1791377284033,nat-demo,Phone,Laptop,video,in,379.6010184565924,0,0,53,80,18,320,180,,,,13,1,5,srflx->srflx
1791377284033,nat-demo,Phone,Laptop,audio,out,14.41796613749164,0,0,15.312,113.342,,,,138.377,,,,1,5,srflx->srflx
1791377284033,nat-demo,Phone,Laptop,video,out,28.61165280173341,0,0,25.744,549.5909999999999,18,90,160,138.377,bandwidth,,,1,5,srflx->srflx
1791377284911,nat-demo,Phone,Laptop,audio,in,14.57576198998857,0,0,33,2121,,,,,,52.46041666666667,,1,5,srflx->srflx
1791377284911,nat-demo,Phone,Laptop,video,in,201.74197834963883,0,0,75,2121,8,320,180,,,,14,1,5,srflx->srflx
1791377284911,nat-demo,Phone,Laptop,audio,out,14.39186592538641,0,0,15.312,113.342,,,,84.4,,,,1,5,srflx->srflx
1791377284911,nat-demo,Phone,Laptop,video,out,41.1287546223265,0,0,25.744,549.5909999999999,26,45,80,84.4,bandwidth,,,1,5,srflx->srflx
1791377285910,nat-demo,Phone,Laptop,audio,in,69.4990213762887,0,0,14,2072,,,,,,0,,1,5,srflx->srflx
1791377285910,nat-demo,Phone,Laptop,video,in,358.6312822914674,0,0,66,2072,23,240,135,,,,14,1,5,srflx->srflx
1791377285910,nat-demo,Phone,Laptop,audio,out,14.410579250929578,0,0,13.019999999999998,1096.4509999999998,,,,84.4,,,,1,5,srflx->srflx
1791377285910,nat-demo,Phone,Laptop,video,out,25.762913349717433,0,0,42.011,1538.4829999999997,30,45,80,84.4,bandwidth,,,1,5,srflx->srflx
1791377286912,nat-demo,Phone,Laptop,audio,in,29.902145716549803,0,0,4,48,,,,,,0,,1,5,srflx->srflx
1791377286912,nat-demo,Phone,Laptop,video,in,87.9225477716958,0,0,29,48,17,120,68,,,,14,1,5,srflx->srflx
1791377286912,nat-demo,Phone,Laptop,audio,out,14.399107086621093,0,0,13.019999999999998,1096.4509999999998,,,,84.4,,,,1,5,srflx->srflx
1791377286912,nat-demo,Phone,Laptop,video,out,17.67090419685889,0,0,16.910999999999998,473.267,30,45,80,84.4,bandwidth,,,1,5,srflx->srflx
1791377284492,nat-demo,Laptop,Phone,audio,in,2.0142616174761283,0,0,18,48,,,,,,0,,1,2,srflx->srflx
1791377284492,nat-demo,Laptop,Phone,video,in,6.922026034660028,0,0,25,48,28,90,160,,,,8,1,2,srflx->srflx
1791377284492,nat-demo,Laptop,Phone,audio,out,30.941296512897196,0,0,10.083,232.29999999999998,,,,1375.407,,,,1,2,srflx->srflx
1791377284492,nat-demo,Laptop,Phone,video,out,434.06538546444904,0,0,25.610999999999997,128.723,20,320,180,1375.407,bandwidth,,,1,2,srflx->srflx
1791377285501,nat-demo,Laptop,Phone,audio,in,2.882556720841508,0,0,64,48,,,,,,54.5,,1,1,srflx->srflx
1791377285501,nat-demo,Laptop,Phone,video,in,8.7917979985666,0,0,65,48,8,90,160,,,,8,1,1,srflx->srflx
1791377285501,nat-demo,Laptop,Phone,audio,out,31.139619687090622,0,0,10.083,232.29999999999998,,,,1375.407,,,,1,1,srflx->srflx
1791377285501,nat-demo,Laptop,Phone,video,out,298.1444430570376,0,0,25.610999999999997,128.723,13,320,180,1375.407,bandwidth,,,1,1,srflx->srflx
1791377286496,nat-demo,Laptop,Phone,audio,in,25.65200931879237,0,0,18,48,,,,,,43,,1,3,srflx->srflx
1791377286496,nat-demo,Laptop,Phone,video,in,60.57525047003217,0,0,52,48,36,45,80,,,,9,1,3,srflx->srflx
1791377286496,nat-demo,Laptop,Phone,audio,out,29.767219303142955,0,0,10.083,232.29999999999998,,,,422.66,,,,1,3,srflx->srflx
1791377286496,nat-demo,Laptop,Phone,video,out,180.29263353616895,0,0,53.943999999999996,1284.2559999999999,13,480,270,422.66,bandwidth,,,1,3,srflx->srflx
1791377287495,nat-demo,Laptop,Phone,audio,in,26.774038175249245,0,0,17,1248,,,,,,0,,1,5,srflx->srflx
1791377287495,nat-demo,Laptop,Phone,video,in,56.13911230294196,0,0,18,1248,30,45,80,,,,9,1,5,srflx->srflx
1791377287495,nat-demo,Laptop,Phone,audio,out,31.49228265655064,0,0,27.958000000000002,1214.432,,,,330.177,,,,1,5,srflx->srflx
1791377287495,nat-demo,Laptop,Phone,video,out,93.32527643523258,0,0,71.81099999999999,1241.257,14,240,135,330.177,bandwidth,,,1,5,srflx->srflx
1791377288492,nat-demo,Laptop,Phone,audio,in,14.683787731790806,0,0,18,48,,,,,,0,,1,5,srflx->srflx
1791377288492,nat-demo,Laptop,Phone,video,in,18.242766784430735,0,0,16,48,28,45,80,,,,9,1,5,srflx->srflx
1791377288492,nat-demo,Laptop,Phone,audio,out,31.454976660747953,0,0,27.958000000000002,1214.432,,,,330.177,,,,1,5,srflx->srflx
1791377288492,nat-demo,Laptop,Phone,video,out,65.22129027927778,0,0,23.511,43.395999999999994,20,120,68,330.177,bandwidth,,,1,5,srflx->srflx
1791377287909,nat-demo,Phone,Laptop,audio,in,31.075402912738735,0,0,7,48,,,,,,0,,1,5,srflx->srflx
1791377287909,nat-demo,Phone,Laptop,video,in,72.74669391624906,0,0,18,48,18,120,68,,,,14,1,5,srflx->srflx
1791377287909,nat-demo,Phone,Laptop,audio,out,14.693391642489908,0,0,13.019999999999998,1096.4509999999998,,,,84.4,,,,1,5,srflx->srflx
1791377287909,nat-demo,Phone,Laptop,video,out,23.312554387022384,0,0,17.655,58.594,30,45,80,84.4,bandwidth,,,1,5,srflx->srflx
1791377288911,nat-demo,Phone,Laptop,audio,in,25.423576468911932,0,0,3,48,,,,,,0,,1,5,srflx->srflx
1791377288911,nat-demo,Phone,Laptop,video,in,57.011171006229866,0,0,28,48,18,120,68,,,,14,1,5,srflx->srflx
1791377288911,nat-demo,Phone,Laptop,audio,out,14.102889588415298,0,0,13.019999999999998,1096.4509999999998,,,,84.4,,,,1,5,srflx->srflx
1791377288911,nat-demo,Phone,Laptop,video,out,22.281606169452058,0,0,18.833,51.941,30,45,80,84.4,bandwidth,,,1,5,srflx->srflx
1791377290005,nat-demo,Phone,Laptop,audio,in,35.25844152577411,0,0,6,578,,,,,,0,,1,4,srflx->srflx
1791377290005,nat-demo,Phone,Laptop,video,in,102.5663742705054,0,0,33,578,17,160,90,,,,14,1,4,srflx->srflx
1791377290005,nat-demo,Phone,Laptop,audio,out,14.404265716385249,0,0,13.019999999999998,1096.4509999999998,,,,84.4,,,,1,4,srflx->srflx
1791377290005,nat-demo,Phone,Laptop,video,out,20.358028879157818,0,0,34.511,38.620000000000005,30,45,80,84.4,bandwidth,,,1,4,srflx->srflx
1791377290909,nat-demo,Phone,Laptop,audio,in,33.36086962573789,0,0,4,578,,,,,,0,,1,4,srflx->srflx
1791377290909,nat-demo,Phone,Laptop,video,in,30.256044148456464,0,0,32,578,12,160,90,,,,14,1,4,srflx->srflx
1791377290909,nat-demo,Phone,Laptop,audio,out,14.403829533779856,0,0,13.019999999999998,1096.4509999999998,,,,84.4,,,,1,4,srflx->srflx
1791377290909,nat-demo,Phone,Laptop,video,out,23.830335750886896,0,0,34.511,38.620000000000005,29,60,107,84.4,bandwidth,,,1,4,srflx->srflx
1791377291909,nat-demo,Phone,Laptop,audio,in,32.082258716884894,0,0,6,53,,,,,,0,,1,4,srflx->srflx
1791377291909,nat-demo,Phone,Laptop,video,in,49.60712255350788,0,0,18,53,15,160,90,,,,15,1,4,srflx->srflx
1791377291909,nat-demo,Phone,Laptop,audio,out,14.685371978110362,0,0,13.019999999999998,1096.4509999999998,,,,84.4,,,,1,4,srflx->srflx
1791377291909,nat-demo,Phone,Laptop,video,out,30.026626582694064,0,0,16.066,107.3,30,60,107,84.4,bandwidth,,,1,4,srflx->srflx
1791377289492,nat-demo,Laptop,Phone,audio,in,14.404723032967109,0,0,12,48,,,,,,0,,1,5,srflx->srflx
1791377289492,nat-demo,Laptop,Phone,video,in,24.071892712869477,0,0,19,48,28,45,80,,,,9,1,5,srflx->srflx
1791377289492,nat-demo,Laptop,Phone,audio,out,29.185569389572798,0,0,27.958000000000002,1214.432,,,,330.177,,,,1,5,srflx->srflx
1791377289492,nat-demo,Laptop,Phone,video,out,83.76346443670373,0,0,23.511,43.395999999999994,20,120,68,330.177,bandwidth,,,1,5,srflx->srflx
1791377290494,nat-demo,Laptop,Phone,audio,in,7.194374125897156,0,0,17,48,,,,,,0,,1,4,srflx->srflx
1791377290494,nat-demo,Laptop,Phone,video,in,10.999398663593873,0,0,17,48,27,45,80,,,,9,1,4,srflx->srflx
1791377290494,nat-demo,Laptop,Phone,audio,out,32.58252104128534,0,0,27.958000000000002,1214.432,,,,330.177,,,,1,4,srflx->srflx
1791377290494,nat-demo,Laptop,Phone,video,out,61.879611231744306,0,0,11.254999999999999,73.166,19,120,68,330.177,bandwidth,,,1,4,srflx->srflx
1791377291494,nat-demo,Laptop,Phone,audio,in,13.547503470964847,0,0,21,48,,,,,,0,,1,5,srflx->srflx
1791377291494,nat-demo,Laptop,Phone,video,in,20.57747276618183,0,0,30,48,28,45,80,,,,9,1,5,srflx->srflx
1791377291494,nat-demo,Laptop,Phone,audio,out,30.930263539206386,0,0,27.958000000000002,1214.432,,,,122.784,,,,1,5,srflx->srflx
1791377291494,nat-demo,Laptop,Phone,video,out,73.24619488911728,0,0,28.433,561.798,17,160,90,122.784,bandwidth,,,1,5,srflx->srflx
1791377292492,nat-demo,Laptop,Phone,audio,in,22.740263448015355,0,0,14,515,,,,,,0,,1,5,srflx->srflx
1791377292492,nat-demo,Laptop,Phone,video,in,35.437710127146296,0,0,16,515,29,45,80,,,,9,1,5,srflx->srflx
1791377292492,nat-demo,Laptop,Phone,audio,out,29.20892488593534,0,0,27.958000000000002,1214.432,,,,125.739,,,,1,5,srflx->srflx
1791377292492,nat-demo,Laptop,Phone,video,out,43.07376905571685,0,0,35.455,371.68899999999996,18,160,90,125.739,bandwidth,,,1,5,srflx->srflx
1791377293491,nat-demo,Laptop,Phone,audio,in,14.694303195975422,0,0,15,515,,,,,,0,,1,5,srflx->srflx
1791377293491,nat-demo,Laptop,Phone,video,in,30.116918805258994,0,0,21,515,26,60,107,,,,9,1,5,srflx->srflx
1791377293491,nat-demo,Laptop,Phone,audio,out,33.63042594198732,0,0,4.354,56.61,,,,139.678,,,,1,5,srflx->srflx
1791377293491,nat-demo,Laptop,Phone,video,out,47.188241635877496,0,0,17.877,75.14999999999999,20,160,90,139.678,bandwidth,,,1,5,srflx->srflx
1791377293030,nat-demo,Phone,Laptop,audio,in,28.807891224109728,0,0,11,53,,,,,,0,,1,3,srflx->srflx
1791377293030,nat-demo,Phone,Laptop,video,in,59.12819673748522,0,0,20,53,20,160,90,,,,15,1,3,srflx->srflx
1791377293030,nat-demo,Phone,Laptop,audio,out,14.115866699813767,0,0,16.687,47.882,,,,84.4,,,,1,3,srflx->srflx
1791377293030,nat-demo,Phone,Laptop,video,out,28.735871496049455,0,0,16.7,51.926,28,90,160,84.4,bandwidth,,,1,3,srflx->srflx
1791377293909,nat-demo,Phone,Laptop,audio,in,31.027014832007605,0,0,4,53,,,,,,0,,1,3,srflx->srflx
1791377293909,nat-demo,Phone,Laptop,video,in,63.102131505942225,0,0,13,53,20,160,90,,,,15,1,3,srflx->srflx
1791377293909,nat-demo,Phone,Laptop,audio,out,14.401399354722457,0,0,16.687,47.882,,,,84.4,,,,1,3,srflx->srflx
1791377293909,nat-demo,Phone,Laptop,video,out,24.27435869012663,0,0,16.7,51.926,28,135,240,84.4,bandwidth,,,1,3,srflx->srflx
1791377294909,nat-demo,Phone,Laptop,audio,in,36.7814227860499,0,0,6,237,,,,,,0,,1,3,srflx->srflx
1791377294909,nat-demo,Phone,Laptop,video,in,91.81756649375397,0,0,28,237,19,160,90,,,,15,1,3,srflx->srflx
1791377294909,nat-demo,Phone,Laptop,audio,out,14.686970908044284,0,0,16.687,47.882,,,,84.4,,,,1,3,srflx->srflx
1791377294909,nat-demo,Phone,Laptop,video,out,29.43793733202776,0,0,20.822,351.013,30,135,240,84.4,bandwidth,,,1,3,srflx->srflx
1791377295908,nat-demo,Phone,Laptop,audio,in,30.417522361348652,0,0,6,237,,,,,,0,,1,3,srflx->srflx
1791377295908,nat-demo,Phone,Laptop,video,in,77.8358955953606,0,0,18,237,17,213,120,,,,15,1,3,srflx->srflx
1791377295908,nat-demo,Phone,Laptop,audio,out,14.112706324413208,0,0,16.687,47.882,,,,85.689,,,,1,3,srflx->srflx
1791377295908,nat-demo,Phone,Laptop,video,out,31.57758042089509,0,0,17.677,142.12,30,135,240,85.689,bandwidth,,,1,3,srflx->srflx
1791377296917,nat-demo,Phone,Laptop,audio,in,30.33501061661267,0,0,5,36,,,,,,0,,1,3,srflx->srflx
1791377296917,nat-demo,Phone,Laptop,video,in,102.32669105730336,0,0,14,36,19,213,120,,,,15,1,3,srflx->srflx
1791377296917,nat-demo,Phone,Laptop,audio,out,14.391939670506803,0,0,16.687,47.882,,,,94.594,,,,1,3,srflx->srflx
1791377296917,nat-demo,Phone,Laptop,video,out,32.11001650930851,0,0,17.311,31.57,30,135,240,94.594,bandwidth,,,1,3,srflx->srflx
1791377294491,nat-demo,Laptop,Phone,audio,in,13.829699348755053,0,0,18,317,,,,,,0,,1,5,srflx->srflx
1791377294491,nat-demo,Laptop,Phone,video,in,29.091989081437855,0,0,30,317,20,60,107,,,,9,1,5,srflx->srflx
1791377294491,nat-demo,Laptop,Phone,audio,out,31.709067604032132,0,0,4.354,56.61,,,,152.769,,,,1,5,srflx->srflx
1791377294491,nat-demo,Laptop,Phone,video,out,65.4989927489649,0,0,24.232999999999997,178.024,20,160,90,152.769,bandwidth,,,1,5,srflx->srflx
1791377295497,nat-demo,Laptop,Phone,audio,in,9.194421393346133,0,0,18,317,,,,,,0,,1,4,srflx->srflx
1791377295497,nat-demo,Laptop,Phone,video,in,13.63200671860694,0,0,20,317,4,90,160,,,,10,1,4,srflx->srflx
1791377295497,nat-demo,Laptop,Phone,audio,out,30.081401242640258,0,0,4.354,56.61,,,,158.562,,,,1,4,srflx->srflx
1791377295497,nat-demo,Laptop,Phone,video,out,92.09585803630297,0,0,16.377,74.921,20,160,90,158.562,bandwidth,,,1,4,srflx->srflx
1791377296504,nat-demo,Laptop,Phone,audio,in,17.938140567500984,0,0,13,317,,,,,,0,,1,4,srflx->srflx
1791377296504,nat-demo,Laptop,Phone,video,in,36.904481432080956,0,0,16,317,26,135,240,,,,10,1,4,srflx->srflx
1791377296504,nat-demo,Laptop,Phone,audio,out,34.07297599858653,0,0,4.354,56.61,,,,172.946,,,,1,4,srflx->srflx
1791377296504,nat-demo,Laptop,Phone,video,out,62.86258431679799,0,0,43.611,180.817,18,213,120,172.946,bandwidth,,,1,4,srflx->srflx
1791377297491,nat-demo,Laptop,Phone,audio,in,16.056245800682284,0,0,18,119,,,,,,0,,1,4,srflx->srflx
1791377297491,nat-demo,Laptop,Phone,video,in,35.27508547119592,0,0,16,119,29,135,240,,,,10,1,4,srflx->srflx
1791377297491,nat-demo,Laptop,Phone,audio,out,31.82866907458483,0,0,4.354,56.61,,,,191.217,,,,1,4,srflx->srflx
1791377297491,nat-demo,Laptop,Phone,video,out,86.5009969474131,0,0,21.544,38.01,21,213,120,191.217,bandwidth,,,1,4,srflx->srflx
1791377298500,nat-demo,Laptop,Phone,audio,in,14.32979589496478,0,0,17,119,,,,,,0,,1,3,srflx->srflx
1791377298500,nat-demo,Laptop,Phone,video,in,31.820107884541237,0,0,20,119,29,135,240,,,,10,1,3,srflx->srflx
1791377298500,nat-demo,Laptop,Phone,audio,out,30.299557320131086,0,0,4.354,56.61,,,,206.406,,,,1,3,srflx->srflx
1791377298500,nat-demo,Laptop,Phone,video,out,107.8715190982071,0,0,14.133,58.913999999999994,20,213,120,206.406,bandwidth,,,1,3,srflx->srflx
1791377298010,nat-demo,Phone,Laptop,audio,in,34.20304715589907,0,0,9,36,,,,,,0,,1,2,srflx->srflx
1791377298010,nat-demo,Phone,Laptop,video,in,130.00839969719465,0,0,19,36,20,213,120,,,,15,1,2,srflx->srflx
1791377298010,nat-demo,Phone,Laptop,audio,out,14.408023608850534,0,0,18.040999999999997,184.082,,,,105.662,,,,1,2,srflx->srflx
1791377298010,nat-demo,Phone,Laptop,video,out,38.50944532343329,0,0,19.633,44.785,30,135,240,105.662,bandwidth,,,1,2,srflx->srflx
1791377298910,nat-demo,Phone,Laptop,audio,in,34.56618543123621,0,0,3,36,,,,,,0,,1,2,srflx->srflx
1791377298910,nat-demo,Phone,Laptop,video,in,206.52536010893394,0,0,11,36,21,320,180,,,,15,1,2,srflx->srflx
1791377298910,nat-demo,Phone,Laptop,audio,out,14.68383073848905,0,0,18.040999999999997,184.082,,,,118.565,,,,1,2,srflx->srflx
1791377298910,nat-demo,Phone,Laptop,video,out,55.10435391513592,0,0,27.743999999999996,35.644999999999996,29,180,320,118.565,bandwidth,,,1,2,srflx->srflx
1791377299910,nat-demo,Phone,Laptop,audio,in,34.02815355588467,0,0,7,70,,,,,,0,,1,2,srflx->srflx
1791377299910,nat-demo,Phone,Laptop,video,in,274.9449210208905,0,0,29,70,19,320,180,,,,15,1,2,srflx->srflx
1791377299910,nat-demo,Phone,Laptop,audio,out,14.110405000606622,0,0,18.040999999999997,184.082,,,,84.4,,,,1,2,srflx->srflx
1791377299910,nat-demo,Phone,Laptop,video,out,43.01113814527313,0,0,24.499999999999996,59.29599999999999,30,180,320,84.4,bandwidth,,,1,2,srflx->srflx
1791377301043,nat-demo,Phone,Laptop,audio,in,31.78608059538413,0,0,6,70,,,,,,0,,1,1,srflx->srflx
1791377301043,nat-demo,Phone,Laptop,video,in,245.73393173274434,0,0,19,70,20,320,180,,,,15,1,1,srflx->srflx
1791377301043,nat-demo,Phone,Laptop,audio,out,14.404568245642356,0,0,18.040999999999997,184.082,,,,86.742,,,,1,1,srflx->srflx
1791377301043,nat-demo,Phone,Laptop,video,out,33.21853488203412,0,0,22.4,52.504999999999995,30,180,320,86.742,bandwidth,,,1,1,srflx->srflx
1791377301910,nat-demo,Phone,Laptop,audio,in,32.34922616142852,0,0,4,70,,,,,,0,,1,1,srflx->srflx
1791377301910,nat-demo,Phone,Laptop,video,in,313.1433861500931,0,0,11,70,20,427,240,,,,15,1,1,srflx->srflx
1791377301910,nat-demo,Phone,Laptop,audio,out,14.672228071240802,0,0,18.040999999999997,184.082,,,,394.643,,,,1,1,srflx->srflx
1791377301910,nat-demo,Phone,Laptop,video,out,94.84204942782453,0,0,18.9,54.794,27,270,480,394.643,bandwidth,,,1,1,srflx->srflx
1791377299492,nat-demo,Laptop,Phone,audio,in,14.748144777922466,0,0,20,61,,,,,,0,,1,3,srflx->srflx
1791377299492,nat-demo,Laptop,Phone,video,in,37.81019470026201,0,0,26,61,29,135,240,,,,10,1,3,srflx->srflx
1791377299492,nat-demo,Laptop,Phone,audio,out,33.17529299173191,0,0,4.354,56.61,,,,384,,,,1,3,srflx->srflx
1791377299492,nat-demo,Laptop,Phone,video,out,139.16754263480757,0,0,18.766,117.905,20,320,180,384,bandwidth,,,1,3,srflx->srflx
1791377300491,nat-demo,Laptop,Phone,audio,in,10.371909723782597,0,0,14,61,,,,,,0,,1,3,srflx->srflx
1791377300491,nat-demo,Laptop,Phone,video,in,46.86566615931396,0,0,24,61,30,135,240,,,,10,1,3,srflx->srflx
1791377300491,nat-demo,Laptop,Phone,audio,out,36.853892189829374,0,0,3.312,418.91499999999996,,,,394.329,,,,1,3,srflx->srflx
1791377300491,nat-demo,Laptop,Phone,video,out,240.25056320058147,0,0,11.911,48.385999999999996,20,320,180,394.329,bandwidth,,,1,3,srflx->srflx
1791377301505,nat-demo,Laptop,Phone,audio,in,17.705134617088472,0,0,17,61,,,,,,0,,1,2,srflx->srflx
1791377301505,nat-demo,Laptop,Phone,video,in,51.16403148755405,0,0,19,61,28,180,320,,,,10,1,2,srflx->srflx
1791377301505,nat-demo,Laptop,Phone,audio,out,32.02313102562104,0,0,3.312,418.91499999999996,,,,421.429,,,,1,2,srflx->srflx
1791377301505,nat-demo,Laptop,Phone,video,out,287.7480995676005,0,0,29.622,47.36299999999999,20,320,180,421.429,bandwidth,,,1,2,srflx->srflx
1791377302498,nat-demo,Laptop,Phone,audio,in,14.728975751633268,0,0,19,49,,,,,,0,,1,2,srflx->srflx
1791377302498,nat-demo,Laptop,Phone,video,in,33.44504352318033,0,0,21,49,30,180,320,,,,10,1,2,srflx->srflx
1791377302498,nat-demo,Laptop,Phone,audio,out,32.498410005373835,0,0,3.312,418.91499999999996,,,,458.318,,,,1,2,srflx->srflx
1791377302498,nat-demo,Laptop,Phone,video,out,234.24366174942253,0,0,24.244,110.535,20,427,240,458.318,bandwidth,,,1,2,srflx->srflx
1791377303504,nat-demo,Laptop,Phone,audio,in,14.302771879828626,0,0,15,49,,,,,,0,,1,2,srflx->srflx
1791377303504,nat-demo,Laptop,Phone,video,in,138.91964487502437,0,0,17,49,31,180,320,,,,10,1,2,srflx->srflx
1791377303504,nat-demo,Laptop,Phone,audio,out,31.648855776309677,0,0,3.312,418.91499999999996,,,,498.45,,,,1,2,srflx->srflx
1791377303504,nat-demo,Laptop,Phone,video,out,331.776631705758,0,0,11.611,50.33899999999999,21,427,240,498.45,bandwidth,,,1,2,srflx->srflx
1791377302914,nat-demo,Phone,Laptop,audio,in,27.849197540548165,0,0,4,44,,,,,,0,,1,1,srflx->srflx
1791377302914,nat-demo,Phone,Laptop,video,in,298.05367454049,0,0,10,44,20,427,240,,,,15,1,1,srflx->srflx
1791377302914,nat-demo,Phone,Laptop,audio,out,14.12477989118084,0,0,18.040999999999997,184.082,,,,194.685,,,,1,1,srflx->srflx
1791377302914,nat-demo,Phone,Laptop,video,out,173.29279274656218,0,0,17.787999999999997,58.64,30,270,480,194.685,bandwidth,,,1,1,srflx->srflx
1791377303920,nat-demo,Phone,Laptop,audio,in,37.48258973947662,0,0,5,44,,,,,,0,,1,0,srflx->srflx
1791377303920,nat-demo,Phone,Laptop,video,in,445.4707783765333,0,0,14,44,20,427,240,,,,15,1,0,srflx->srflx
1791377303920,nat-demo,Phone,Laptop,audio,out,14.40099499062069,0,0,20.041,53.48199999999999,,,,175.806,,,,1,0,srflx->srflx
1791377303920,nat-demo,Phone,Laptop,video,out,67.3086504756066,0,0,18.444,87.92099999999999,30,270,480,175.806,bandwidth,,,1,0,srflx->srflx
1791377304912,nat-demo,Phone,Laptop,audio,in,30.306694848582417,0,0,18,120,,,,,,0,,1,0,srflx->srflx
1791377304912,nat-demo,Phone,Laptop,video,in,617.5558975638298,0,0,23,120,16,640,360,,,,16,1,0,srflx->srflx
1791377304912,nat-demo,Phone,Laptop,audio,out,14.397479738043904,0,0,20.041,53.48199999999999,,,,189.076,,,,1,0,srflx->srflx
1791377304912,nat-demo,Phone,Laptop,video,out,99.1186493965778,0,0,19.476999999999997,91.232,30,270,480,189.076,bandwidth,,,1,0,srflx->srflx
1791377305919,nat-demo,Phone,Laptop,audio,in,33.34160034693328,0,0,18,120,,,,,,0,,1,0,srflx->srflx
1791377305919,nat-demo,Phone,Laptop,video,in,473.52753782861964,0,0,45,120,20,640,360,,,,16,1,0,srflx->srflx
1791377305919,nat-demo,Phone,Laptop,audio,out,14.690467539469521,0,0,20.041,53.48199999999999,,,,206.206,,,,1,0,srflx->srflx
1791377305919,nat-demo,Phone,Laptop,video,out,121.13234644881757,0,0,16.154999999999998,226.349,29,270,480,206.206,bandwidth,,,1,0,srflx->srflx
1791377306911,nat-demo,Phone,Laptop,audio,in,32.38672428953073,0,0,4,120,,,,,,0,,1,0,srflx->srflx
1791377306911,nat-demo,Phone,Laptop,video,in,210.92154070633646,0,0,21,120,20,640,360,,,,16,1,0,srflx->srflx
1791377306911,nat-demo,Phone,Laptop,audio,out,14.106217690551164,0,0,16,68.497,,,,146.43,,,,1,0,srflx->srflx
1791377306911,nat-demo,Phone,Laptop,video,out,86.98834242506551,0,0,21.044,42.083999999999996,30,270,480,146.43,bandwidth,,,1,0,srflx->srflx
1791377304499,nat-demo,Laptop,Phone,audio,in,14.575709177751424,0,0,19,49,,,,,,0,,1,1,srflx->srflx
1791377304499,nat-demo,Laptop,Phone,video,in,139.52192729592056,0,0,25,49,26,270,480,,,,10,1,1,srflx->srflx
1791377304499,nat-demo,Laptop,Phone,audio,out,32.7953456499407,0,0,3.312,418.91499999999996,,,,535.755,,,,1,1,srflx->srflx
1791377304499,nat-demo,Laptop,Phone,video,out,384.3857438659346,0,0,8.444,61.966,20,427,240,535.755,bandwidth,,,1,1,srflx->srflx
1791377305503,nat-demo,Laptop,Phone,audio,in,14.25171053435941,0,0,16,46,,,,,,0,,1,1,srflx->srflx
1791377305503,nat-demo,Laptop,Phone,video,in,72.80248797968599,0,0,15,46,30,270,480,,,,10,1,1,srflx->srflx
1791377305503,nat-demo,Laptop,Phone,audio,out,32.55724095404772,0,0,3.437,34.973,,,,1269.2,,,,1,1,srflx->srflx
1791377305503,nat-demo,Laptop,Phone,video,out,404.8119201115155,0,0,16.522,69.30499999999999,20,640,360,1269.2,bandwidth,,,1,1,srflx->srflx
1791377306502,nat-demo,Laptop,Phone,audio,in,14.70384899739343,0,0,18,46,,,,,,0,,1,1,srflx->srflx
1791377306502,nat-demo,Laptop,Phone,video,in,103.91200476099115,0,0,17,46,30,270,480,,,,10,1,1,srflx->srflx
1791377306502,nat-demo,Laptop,Phone,audio,out,32.57911640598936,0,0,3.437,34.973,,,,621.227,,,,1,1,srflx->srflx
1791377306502,nat-demo,Laptop,Phone,video,out,640.458337783524,0,0,24.433,48.08,20,640,360,621.227,bandwidth,,,1,1,srflx->srflx
1791377307504,nat-demo,Laptop,Phone,audio,in,14.10964379971704,0,0,16,46,,,,,,0,,1,0,srflx->srflx
1791377307504,nat-demo,Laptop,Phone,video,in,117.12444113336542,0,0,23,46,31,270,480,,,,10,1,0,srflx->srflx
1791377307504,nat-demo,Laptop,Phone,audio,out,31.986658477929954,0,0,3.437,34.973,,,,455.72,,,,1,0,srflx->srflx
1791377307504,nat-demo,Laptop,Phone,video,out,387.0313687850954,0,0,24.433,48.08,15,960,540,455.72,bandwidth,,,1,0,srflx->srflx
1791377308495,nat-demo,Laptop,Phone,audio,in,14.204516624636733,0,0,16,46,,,,,,0,,1,0,srflx->srflx
1791377308495,nat-demo,Laptop,Phone,video,in,81.05593216756994,0,0,19,46,30,270,480,,,,10,1,0,srflx->srflx
1791377308495,nat-demo,Laptop,Phone,audio,out,32.70098753551574,0,0,3.437,34.973,,,,460.99,,,,1,0,srflx->srflx
1791377308495,nat-demo,Laptop,Phone,video,out,209.48441042512732,0,0,17.477,63.293,20,960,540,460.99,bandwidth,,,1,0,srflx->srflx
1791377307912,nat-demo,Phone,Laptop,audio,in,31.874614714488295,0,0,3,52,,,,,,0,,1,0,srflx->srflx
1791377307912,nat-demo,Phone,Laptop,video,in,338.84379578012255,0,0,8,52,16,960,540,,,,16,1,0,srflx->srflx
1791377307912,nat-demo,Phone,Laptop,audio,out,14.401181346907363,0,0,16,68.497,,,,154.019,,,,1,0,srflx->srflx
1791377307912,nat-demo,Phone,Laptop,video,out,92.04755077564957,0,0,18.844,44.25,29,270,480,154.019,bandwidth,,,1,0,srflx->srflx
1791377308916,nat-demo,Phone,Laptop,audio,in,33.40674496535311,0,0,3,52,,,,,,0,,1,0,srflx->srflx
1791377308916,nat-demo,Phone,Laptop,video,in,352.8792478364162,0,0,10,52,21,960,540,,,,16,1,0,srflx->srflx
1791377308916,nat-demo,Phone,Laptop,audio,out,14.402908009014517,0,0,16,68.497,,,,169.258,,,,1,0,srflx->srflx
1791377308916,nat-demo,Phone,Laptop,video,out,100.70033182969317,0,0,24.8,70.45,30,270,480,169.258,bandwidth,,,1,0,srflx->srflx
1791377309914,nat-demo,Phone,Laptop,audio,in,33.22338117110979,0,0,3,52,,,,,,0,,1,0,srflx->srflx
1791377309914,nat-demo,Phone,Laptop,video,in,316.7103628980071,0,0,7,52,20,960,540,,,,16,1,0,srflx->srflx
1791377309914,nat-demo,Phone,Laptop,audio,out,14.403199929671874,0,0,16,68.497,,,,189.487,,,,1,0,srflx->srflx
1791377309914,nat-demo,Phone,Laptop,video,out,114.96154077199769,0,0,17.688,50.171,30,270,480,189.487,bandwidth,,,1,0,srflx->srflx
1791377310914,nat-demo,Phone,Laptop,audio,in,16.208241382501058,0,0,5,62,,,,,,0,,1,0,srflx->srflx
1791377310914,nat-demo,Phone,Laptop,video,in,212.94717133238555,0,0,7,62,21,960,540,,,,16,1,0,srflx->srflx
1791377310914,nat-demo,Phone,Laptop,audio,out,14.400214456318809,0,0,16,68.497,,,,196.249,,,,1,0,srflx->srflx
1791377310914,nat-demo,Phone,Laptop,video,out,117.39374829556787,0,0,17.688,50.171,30,270,480,196.249,bandwidth,,,1,0,srflx->srflx
1791377311911,nat-demo,Phone,Laptop,audio,in,41.46167507114927,0,0,5,62,,,,,,0,,1,0,srflx->srflx
1791377311911,nat-demo,Phone,Laptop,video,in,319.3204817159789,0,0,28,62,20,960,540,,,,16,1,0,srflx->srflx
1791377311911,nat-demo,Phone,Laptop,audio,out,14.396414955260164,0,0,15.958,39.336999999999996,,,,118.641,,,,1,0,srflx->srflx
1791377311911,nat-demo,Phone,Laptop,video,out,60.12102845482814,0,0,13.954999999999998,264.435,25,270,480,118.641,bandwidth,,,1,0,srflx->srflx
1791377309493,nat-demo,Laptop,Phone,audio,in,14.72484086160883,0,0,20,46,,,,,,0,,1,0,srflx->srflx
1791377309493,nat-demo,Laptop,Phone,video,in,93.08088400862314,0,0,24,46,30,270,480,,,,10,1,0,srflx->srflx
1791377309493,nat-demo,Laptop,Phone,audio,out,32.160463973339546,0,0,3.437,34.973,,,,480.345,,,,1,0,srflx->srflx
1791377309493,nat-demo,Laptop,Phone,video,out,355.36109680665885,0,0,19.955000000000002,34.454,20,960,540,480.345,bandwidth,,,1,0,srflx->srflx
1791377310492,nat-demo,Laptop,Phone,audio,in,14.138184635900375,0,0,17,55,,,,,,0,,1,0,srflx->srflx
1791377310492,nat-demo,Laptop,Phone,video,in,108.79349107013134,0,0,16,55,29,270,480,,,,10,1,0,srflx->srflx
1791377310492,nat-demo,Laptop,Phone,audio,out,31.810915430775843,0,0,3.437,34.973,,,,508.557,,,,1,0,srflx->srflx
1791377310492,nat-demo,Laptop,Phone,video,out,352.4848197858631,0,0,12.511,52.826,20,960,540,508.557,bandwidth,,,1,0,srflx->srflx
1791377311502,nat-demo,Laptop,Phone,audio,in,15.108696907737675,0,0,16,55,,,,,,0,,1,0,srflx->srflx
1791377311502,nat-demo,Laptop,Phone,video,in,116.18968015054242,0,0,16,55,30,270,480,,,,10,1,0,srflx->srflx
1791377311502,nat-demo,Laptop,Phone,audio,out,32.71175415401695,0,0,4.666,30.441,,,,534.12,,,,1,0,srflx->srflx
1791377311502,nat-demo,Laptop,Phone,video,out,316.3403211568199,0,0,12.511,52.826,20,960,540,534.12,bandwidth,,,1,0,srflx->srflx
1791377312504,nat-demo,Laptop,Phone,audio,in,13.942089086099623,0,0,20,55,,,,,,0,,1,2,srflx->srflx
1791377312504,nat-demo,Laptop,Phone,video,in,100.57184054295821,0,0,35,55,31,270,480,,,,10,1,2,srflx->srflx
1791377312504,nat-demo,Laptop,Phone,audio,out,32.67677129554599,0,0,4.666,30.441,,,,404.43,,,,1,2,srflx->srflx
1791377312504,nat-demo,Laptop,Phone,video,out,342.7510917052073,0,0,7.8,502.71599999999995,17,960,540,404.43,bandwidth,,,1,2,srflx->srflx
1791377313492,nat-demo,Laptop,Phone,audio,in,8.363039784207327,0,0,15,32,,,,,,0,,1,2,srflx->srflx
1791377313492,nat-demo,Laptop,Phone,video,in,38.85128635383671,0,0,20,32,31,270,480,,,,10,1,2,srflx->srflx
1791377313492,nat-demo,Laptop,Phone,audio,out,31.793970214098543,0,0,4.666,30.441,,,,404.927,,,,1,2,srflx->srflx
1791377313492,nat-demo,Laptop,Phone,video,out,205.00662275616273,0,0,43.577,308.426,20,640,360,404.927,bandwidth,,,1,2,srflx->srflx
