ts,run,peer,remote,kind,direction,bitrate_kbps,packets_lost,loss_pct,jitter_ms,rtt_ms,fps,width,height,avail_out_kbps,limit_reason,concealed_pct,freeze_count,adapt_on,adapt_level,candidate_type
1791431119498,mesh4_baseline_adapt1_p4,botA,botB,video,in,887.9,,0.00,0.2,0.0,18,640,480,,,,0,1,0,host->host
1791431119498,mesh4_baseline_adapt1_p4,botA,botB,audio,in,23.9,,0.00,0.5,0.0,,,,,,0.00,,1,0,host->host
1791431119498,mesh4_baseline_adapt1_p4,botA,botB,video,out,1041.2,,0.00,0.0,0.0,,,,1200,none,,,1,0,host->host
1791431119498,mesh4_baseline_adapt1_p4,botA,botB,audio,out,23.2,,0.00,0.0,0.0,,,,1200,none,,,1,0,host->host
1791431120499,mesh4_baseline_adapt1_p4,botA,botB,video,in,1165.4,,0.00,0.3,0.2,20,640,480,,,,0,1,0,host->host
1791431120499,mesh4_baseline_adapt1_p4,botA,botB,audio,in,27.0,,0.00,0.7,0.2,,,,,,0.00,,1,0,host->host
1791431120499,mesh4_baseline_adapt1_p4,botA,botB,video,out,1299.1,,0.00,0.1,0.2,,,,1200,none,,,1,0,host->host
1791431120499,mesh4_baseline_adapt1_p4,botA,botB,audio,out,27.1,,0.00,0.7,0.2,,,,1200,none,,,1,0,host->host
1791431120502,mesh4_baseline_adapt1_p4,botA,botC,video,in,791.4,,0.00,0.1,0.0,16,640,480,,,,0,1,0,host->host
1791431120502,mesh4_baseline_adapt1_p4,botA,botC,audio,in,19.1,,0.00,0.4,0.0,,,,,,0.00,,1,0,host->host
1791431120502,mesh4_baseline_adapt1_p4,botA,botC,video,out,970.2,,0.00,0.0,0.0,,,,1200,none,,,1,0,host->host
1791431120502,mesh4_baseline_adapt1_p4,botA,botC,audio,out,18.7,,0.00,0.0,0.0,,,,1200,none,,,1,0,host->host
1791431121500,mesh4_baseline_adapt1_p4,botA,botB,video,in,1193.0,,0.00,0.1,0.3,20,640,480,,,,0,1,0,host->host
1791431121500,mesh4_baseline_adapt1_p4,botA,botB,audio,in,27.1,,0.00,1.0,0.3,,,,,,0.00,,1,0,host->host
1791431121500,mesh4_baseline_adapt1_p4,botA,botB,video,out,1027.5,,0.00,0.3,0.3,,,,1200,none,,,1,0,host->host
1791431121500,mesh4_baseline_adapt1_p4,botA,botB,audio,out,26.7,,0.00,0.4,0.3,,,,1200,none,,,1,0,host->host
1791431121500,mesh4_baseline_adapt1_p4,botA,botC,video,in,1224.2,,0.00,0.1,0.1,20,640,480,,,,0,1,0,host->host
1791431121500,mesh4_baseline_adapt1_p4,botA,botC,audio,in,24.8,,0.00,0.9,0.1,,,,,,0.00,,1,0,host->host
1791431121500,mesh4_baseline_adapt1_p4,botA,botC,video,out,1027.5,,0.00,0.2,0.1,,,,1200,none,,,1,0,host->host
1791431121500,mesh4_baseline_adapt1_p4,botA,botC,audio,out,26.7,,0.00,0.3,0.1,,,,1200,none,,,1,0,host->host
1791431121502,mesh4_baseline_adapt1_p4,botA,botD,video,in,538.6,,0.00,0.2,0.0,12,640,480,,,,0,1,0,host->host
1791431121502,mesh4_baseline_adapt1_p4,botA,botD,audio,in,18.5,,0.00,1.1,0.0,,,,,,0.00,,1,0,host->host
1791431121502,mesh4_baseline_adapt1_p4,botA,botD,video,out,530.4,,0.00,0.0,0.0,,,,1200,none,,,1,0,host->host
1791431121502,mesh4_baseline_adapt1_p4,botA,botD,audio,out,11.9,,0.00,0.0,0.0,,,,1200,none,,,1,0,host->host
1791431122500,mesh4_baseline_adapt1_p4,botA,botB,video,in,1173.0,,0.00,0.2,0.2,20,640,480,,,,0,1,0,host->host
1791431122500,mesh4_baseline_adapt1_p4,botA,botB,audio,in,27.3,,0.00,0.9,0.2,,,,,,0.00,,1,0,host->host
1791431122500,mesh4_baseline_adapt1_p4,botA,botB,video,out,1112.2,,0.00,0.3,0.2,,,,1200,none,,,1,0,host->host
1791431122500,mesh4_baseline_adapt1_p4,botA,botB,audio,out,27.3,,0.00,1.1,0.2,,,,1200,none,,,1,0,host->host
1791431122501,mesh4_baseline_adapt1_p4,botA,botC,video,in,1209.8,,0.00,0.2,0.2,20,640,480,,,,0,1,0,host->host
1791431122501,mesh4_baseline_adapt1_p4,botA,botC,audio,in,24.4,,0.00,0.7,0.2,,,,,,0.00,,1,0,host->host
1791431122501,mesh4_baseline_adapt1_p4,botA,botC,video,out,1112.2,,0.00,0.3,0.2,,,,1200,none,,,1,0,host->host
1791431122501,mesh4_baseline_adapt1_p4,botA,botC,audio,out,27.3,,0.00,0.9,0.2,,,,1200,none,,,1,0,host->host
1791431122501,mesh4_baseline_adapt1_p4,botA,botD,video,in,1167.1,,0.00,0.1,0.2,20,640,480,,,,0,1,0,host->host
1791431122501,mesh4_baseline_adapt1_p4,botA,botD,audio,in,27.1,,0.00,0.9,0.2,,,,,,0.00,,1,0,host->host
1791431122501,mesh4_baseline_adapt1_p4,botA,botD,video,out,1112.2,,0.00,0.3,0.2,,,,1200,none,,,1,0,host->host
1791431122501,mesh4_baseline_adapt1_p4,botA,botD,audio,out,27.3,,0.00,1.5,0.2,,,,1200,none,,,1,0,host->host
1791431123501,mesh4_baseline_adapt1_p4,botA,botB,video,in,1235.8,,0.00,0.1,0.2,20,640,480,,,,0,1,0,host->host
1791431123501,mesh4_baseline_adapt1_p4,botA,botB,audio,in,26.9,,0.00,1.3,0.2,,,,,,0.00,,1,0,host->host
1791431123501,mesh4_baseline_adapt1_p4,botA,botB,video,out,1178.7,,0.00,0.1,0.2,,,,1200,none,,,1,0,host->host
1791431123501,mesh4_baseline_adapt1_p4,botA,botB,audio,out,27.0,,0.00,1.0,0.2,,,,1200,none,,,1,0,host->host
1791431123501,mesh4_baseline_adapt1_p4,botA,botC,video,in,1148.3,,0.00,0.5,0.2,20,640,480,,,,0,1,0,host->host
1791431123501,mesh4_baseline_adapt1_p4,botA,botC,audio,in,24.3,,0.00,1.1,0.2,,,,,,0.00,,1,0,host->host
1791431123501,mesh4_baseline_adapt1_p4,botA,botC,video,out,1178.7,,0.00,0.1,0.2,,,,1200,none,,,1,0,host->host
1791431123501,mesh4_baseline_adapt1_p4,botA,botC,audio,out,27.0,,0.00,1.3,0.2,,,,1200,none,,,1,0,host->host
1791431123501,mesh4_baseline_adapt1_p4,botA,botD,video,in,1239.5,,0.00,0.2,1.8,20,640,480,,,,0,1,0,host->host
1791431123501,mesh4_baseline_adapt1_p4,botA,botD,audio,in,26.8,,0.00,0.7,1.8,,,,,,0.00,,1,0,host->host
1791431123501,mesh4_baseline_adapt1_p4,botA,botD,video,out,1178.7,,0.00,0.3,1.8,,,,1200,none,,,1,0,host->host
1791431123501,mesh4_baseline_adapt1_p4,botA,botD,audio,out,27.0,,0.00,1.3,1.8,,,,1200,none,,,1,0,host->host
1791431124501,mesh4_baseline_adapt1_p4,botA,botB,video,in,1303.3,,0.00,0.2,0.1,20,640,480,,,,0,1,0,host->host
1791431124501,mesh4_baseline_adapt1_p4,botA,botB,audio,in,26.9,,0.00,1.8,0.1,,,,,,0.00,,1,0,host->host
1791431124501,mesh4_baseline_adapt1_p4,botA,botB,video,out,1189.6,,0.00,0.2,0.1,,,,1200,none,,,1,0,host->host
1791431124501,mesh4_baseline_adapt1_p4,botA,botB,audio,out,27.2,,0.00,1.2,0.1,,,,1200,none,,,1,0,host->host
1791431124501,mesh4_baseline_adapt1_p4,botA,botC,video,in,1196.7,,0.00,0.1,0.2,20,640,480,,,,0,1,0,host->host
1791431124501,mesh4_baseline_adapt1_p4,botA,botC,audio,in,23.9,,0.00,1.7,0.2,,,,,,0.00,,1,0,host->host
1791431124501,mesh4_baseline_adapt1_p4,botA,botC,video,out,1189.6,,0.00,0.2,0.2,,,,1200,none,,,1,0,host->host
1791431124501,mesh4_baseline_adapt1_p4,botA,botC,audio,out,27.2,,0.00,1.1,0.2,,,,1200,none,,,1,0,host->host
1791431124502,mesh4_baseline_adapt1_p4,botA,botD,video,in,1146.3,,0.00,0.1,0.3,20,640,480,,,,0,1,0,host->host
1791431124502,mesh4_baseline_adapt1_p4,botA,botD,audio,in,26.8,,0.00,1.1,0.3,,,,,,0.00,,1,0,host->host
1791431124502,mesh4_baseline_adapt1_p4,botA,botD,video,out,1189.6,,0.00,0.1,0.3,,,,1200,none,,,1,0,host->host
1791431124502,mesh4_baseline_adapt1_p4,botA,botD,audio,out,27.2,,0.00,1.0,0.3,,,,1200,none,,,1,0,host->host
1791431125501,mesh4_baseline_adapt1_p4,botA,botB,video,in,1248.3,,0.00,0.1,0.1,20,640,480,,,,0,1,0,host->host
1791431125501,mesh4_baseline_adapt1_p4,botA,botB,audio,in,26.7,,0.00,0.8,0.1,,,,,,0.00,,1,0,host->host
1791431125501,mesh4_baseline_adapt1_p4,botA,botB,video,out,1165.0,,0.00,0.2,0.1,,,,1200,none,,,1,0,host->host
1791431125501,mesh4_baseline_adapt1_p4,botA,botB,audio,out,27.3,,0.00,0.8,0.1,,,,1200,none,,,1,0,host->host
1791431125502,mesh4_baseline_adapt1_p4,botA,botC,video,in,1277.6,,0.00,0.1,0.3,20,640,480,,,,0,1,0,host->host
1791431125502,mesh4_baseline_adapt1_p4,botA,botC,audio,in,23.5,,0.00,0.9,0.3,,,,,,0.00,,1,0,host->host
1791431125502,mesh4_baseline_adapt1_p4,botA,botC,video,out,1165.0,,0.00,0.3,0.3,,,,1200,none,,,1,0,host->host
1791431125502,mesh4_baseline_adapt1_p4,botA,botC,audio,out,27.3,,0.00,0.8,0.3,,,,1200,none,,,1,0,host->host
1791431125502,mesh4_baseline_adapt1_p4,botA,botD,video,in,1113.8,,0.00,0.6,0.1,20,640,480,,,,0,1,0,host->host
1791431125502,mesh4_baseline_adapt1_p4,botA,botD,audio,in,27.1,,0.00,1.3,0.1,,,,,,0.00,,1,0,host->host
1791431125502,mesh4_baseline_adapt1_p4,botA,botD,video,out,1165.0,,0.00,0.1,0.1,,,,1200,none,,,1,0,host->host
1791431125502,mesh4_baseline_adapt1_p4,botA,botD,audio,out,27.3,,0.00,0.7,0.1,,,,1200,none,,,1,0,host->host
1791431126504,mesh4_baseline_adapt1_p4,botA,botB,video,in,1129.0,,0.00,0.2,0.3,20,640,480,,,,0,1,0,host->host
1791431126504,mesh4_baseline_adapt1_p4,botA,botB,audio,in,26.8,,0.00,1.0,0.3,,,,,,0.00,,1,0,host->host
1791431126505,mesh4_baseline_adapt1_p4,botA,botB,video,out,1202.7,,0.00,0.1,0.3,,,,1200,none,,,1,0,host->host
1791431126505,mesh4_baseline_adapt1_p4,botA,botB,audio,out,27.1,,0.00,0.9,0.3,,,,1200,none,,,1,0,host->host
1791431126505,mesh4_baseline_adapt1_p4,botA,botC,video,in,1134.2,,0.00,0.2,0.2,20,640,480,,,,0,1,0,host->host
1791431126505,mesh4_baseline_adapt1_p4,botA,botC,audio,in,23.5,,0.00,0.9,0.2,,,,,,0.00,,1,0,host->host
1791431126505,mesh4_baseline_adapt1_p4,botA,botC,video,out,1202.7,,0.00,0.1,0.2,,,,1200,none,,,1,0,host->host
1791431126505,mesh4_baseline_adapt1_p4,botA,botC,audio,out,27.1,,0.00,0.8,0.2,,,,1200,none,,,1,0,host->host
1791431126506,mesh4_baseline_adapt1_p4,botA,botD,video,in,1253.0,,0.00,0.1,0.2,20,640,480,,,,0,1,0,host->host
1791431126506,mesh4_baseline_adapt1_p4,botA,botD,audio,in,26.8,,0.00,0.7,0.2,,,,,,0.00,,1,0,host->host
1791431126506,mesh4_baseline_adapt1_p4,botA,botD,video,out,1202.7,,0.00,0.1,0.2,,,,1200,none,,,1,0,host->host
1791431126506,mesh4_baseline_adapt1_p4,botA,botD,audio,out,27.1,,0.00,0.9,0.2,,,,1200,none,,,1,0,host->host
1791431127506,mesh4_baseline_adapt1_p4,botA,botB,video,in,1130.2,,0.00,0.1,0.2,20,640,480,,,,0,1,0,host->host
1791431127506,mesh4_baseline_adapt1_p4,botA,botB,audio,in,27.0,,0.00,1.3,0.2,,,,,,0.00,,1,0,host->host
1791431127506,mesh4_baseline_adapt1_p4,botA,botB,video,out,1236.5,,0.00,0.1,0.2,,,,1200,none,,,1,0,host->host
1791431127506,mesh4_baseline_adapt1_p4,botA,botB,audio,out,27.2,,0.00,0.8,0.2,,,,1200,none,,,1,0,host->host
1791431127507,mesh4_baseline_adapt1_p4,botA,botC,video,in,1096.6,,0.00,0.1,0.2,20,640,480,,,,0,1,0,host->host
1791431127507,mesh4_baseline_adapt1_p4,botA,botC,audio,in,23.4,,0.00,1.7,0.2,,,,,,0.00,,1,0,host->host
1791431127507,mesh4_baseline_adapt1_p4,botA,botC,video,out,1236.5,,0.00,0.1,0.2,,,,1200,none,,,1,0,host->host
1791431127507,mesh4_baseline_adapt1_p4,botA,botC,audio,out,27.2,,0.00,0.7,0.2,,,,1200,none,,,1,0,host->host
1791431127508,mesh4_baseline_adapt1_p4,botA,botD,video,in,1201.1,,0.00,0.2,0.3,20,640,480,,,,0,1,0,host->host
1791431127508,mesh4_baseline_adapt1_p4,botA,botD,audio,in,26.6,,0.00,0.5,0.3,,,,,,0.00,,1,0,host->host
1791431127508,mesh4_baseline_adapt1_p4,botA,botD,video,out,1236.5,,0.00,0.1,0.3,,,,1200,none,,,1,0,host->host
1791431127508,mesh4_baseline_adapt1_p4,botA,botD,audio,out,27.2,,0.00,0.8,0.3,,,,1200,none,,,1,0,host->host
1791431128507,mesh4_baseline_adapt1_p4,botA,botB,video,in,1208.3,,0.00,0.2,0.3,20,640,480,,,,0,1,0,host->host
1791431128507,mesh4_baseline_adapt1_p4,botA,botB,audio,in,26.7,,0.00,1.1,0.3,,,,,,0.00,,1,0,host->host
1791431128507,mesh4_baseline_adapt1_p4,botA,botB,video,out,1233.6,,0.00,0.1,0.3,,,,1200,none,,,1,0,host->host
1791431128507,mesh4_baseline_adapt1_p4,botA,botB,audio,out,27.1,,0.00,0.9,0.3,,,,1200,none,,,1,0,host->host
1791431128508,mesh4_baseline_adapt1_p4,botA,botC,video,in,1148.5,,0.00,0.3,0.3,20,640,480,,,,0,1,0,host->host
1791431128508,mesh4_baseline_adapt1_p4,botA,botC,audio,in,23.5,,0.00,1.0,0.3,,,,,,0.00,,1,0,host->host
1791431128508,mesh4_baseline_adapt1_p4,botA,botC,video,out,1233.6,,0.00,0.1,0.3,,,,1200,none,,,1,0,host->host
1791431128508,mesh4_baseline_adapt1_p4,botA,botC,audio,out,27.1,,0.00,0.7,0.3,,,,1200,none,,,1,0,host->host
1791431128509,mesh4_baseline_adapt1_p4,botA,botD,video,in,1156.1,,0.00,0.1,0.5,20,640,480,,,,0,1,0,host->host
1791431128509,mesh4_baseline_adapt1_p4,botA,botD,audio,in,26.7,,0.00,1.0,0.5,,,,,,0.00,,1,0,host->host
1791431128509,mesh4_baseline_adapt1_p4,botA,botD,video,out,1233.6,,0.00,0.1,0.5,,,,1200,none,,,1,0,host->host
1791431128509,mesh4_baseline_adapt1_p4,botA,botD,audio,out,27.1,,0.00,0.6,0.5,,,,1200,none,,,1,0,host->host
1791431129507,mesh4_baseline_adapt1_p4,botA,botB,video,in,1226.0,,0.00,0.3,0.3,20,640,480,,,,0,1,0,host->host
1791431129507,mesh4_baseline_adapt1_p4,botA,botB,audio,in,27.0,,0.00,1.3,0.3,,,,,,0.00,,1,0,host->host
1791431129507,mesh4_baseline_adapt1_p4,botA,botB,video,out,1211.6,,0.00,0.1,0.3,,,,1200,none,,,1,0,host->host
1791431129507,mesh4_baseline_adapt1_p4,botA,botB,audio,out,27.0,,0.00,0.8,0.3,,,,1200,none,,,1,0,host->host
1791431129508,mesh4_baseline_adapt1_p4,botA,botC,video,in,1203.3,,0.00,0.3,0.4,20,640,480,,,,0,1,0,host->host
1791431129508,mesh4_baseline_adapt1_p4,botA,botC,audio,in,23.5,,0.00,0.8,0.4,,,,,,0.00,,1,0,host->host
1791431129508,mesh4_baseline_adapt1_p4,botA,botC,video,out,1211.6,,0.00,0.1,0.4,,,,1200,none,,,1,0,host->host
1791431129508,mesh4_baseline_adapt1_p4,botA,botC,audio,out,27.0,,0.00,0.8,0.4,,,,1200,none,,,1,0,host->host
1791431129508,mesh4_baseline_adapt1_p4,botA,botD,video,in,1138.2,,0.00,0.1,0.2,20,640,480,,,,0,1,0,host->host
1791431129508,mesh4_baseline_adapt1_p4,botA,botD,audio,in,26.9,,0.00,0.8,0.2,,,,,,0.00,,1,0,host->host
1791431129508,mesh4_baseline_adapt1_p4,botA,botD,video,out,1211.6,,0.00,0.3,0.2,,,,1200,none,,,1,0,host->host
1791431129508,mesh4_baseline_adapt1_p4,botA,botD,audio,out,27.0,,0.00,0.8,0.2,,,,1200,none,,,1,0,host->host
1791431130509,mesh4_baseline_adapt1_p4,botA,botB,video,in,1197.4,,0.00,0.3,0.3,20,640,480,,,,0,1,0,host->host
1791431130509,mesh4_baseline_adapt1_p4,botA,botB,audio,in,26.7,,0.00,1.6,0.3,,,,,,0.00,,1,0,host->host
1791431130509,mesh4_baseline_adapt1_p4,botA,botB,video,out,1187.6,,0.00,0.1,0.3,,,,1200,none,,,1,0,host->host
1791431130509,mesh4_baseline_adapt1_p4,botA,botB,audio,out,27.0,,0.00,0.8,0.3,,,,1200,none,,,1,0,host->host
1791431130509,mesh4_baseline_adapt1_p4,botA,botC,video,in,1236.8,,0.00,0.2,0.3,20,640,480,,,,0,1,0,host->host
1791431130509,mesh4_baseline_adapt1_p4,botA,botC,audio,in,23.5,,0.00,1.3,0.3,,,,,,0.00,,1,0,host->host
1791431130509,mesh4_baseline_adapt1_p4,botA,botC,video,out,1187.6,,0.00,0.1,0.3,,,,1200,none,,,1,0,host->host
1791431130510,mesh4_baseline_adapt1_p4,botA,botC,audio,out,27.0,,0.00,0.7,0.3,,,,1200,none,,,1,0,host->host
1791431130510,mesh4_baseline_adapt1_p4,botA,botD,video,in,1156.6,,0.00,0.1,0.3,20,640,480,,,,0,1,0,host->host
1791431130510,mesh4_baseline_adapt1_p4,botA,botD,audio,in,27.0,,0.00,1.6,0.3,,,,,,0.00,,1,0,host->host
1791431130510,mesh4_baseline_adapt1_p4,botA,botD,video,out,1187.6,,0.00,0.1,0.3,,,,1200,none,,,1,0,host->host
1791431130510,mesh4_baseline_adapt1_p4,botA,botD,audio,out,27.0,,0.00,0.5,0.3,,,,1200,none,,,1,0,host->host
1791431131510,mesh4_baseline_adapt1_p4,botA,botB,video,in,1115.1,,0.00,0.3,0.2,20,640,480,,,,0,1,0,host->host
1791431131510,mesh4_baseline_adapt1_p4,botA,botB,audio,in,27.0,,0.00,1.0,0.2,,,,,,0.00,,1,0,host->host
1791431131510,mesh4_baseline_adapt1_p4,botA,botB,video,out,1122.1,,0.00,0.4,0.2,,,,1200,none,,,1,0,host->host
1791431131510,mesh4_baseline_adapt1_p4,botA,botB,audio,out,26.9,,0.00,1.4,0.2,,,,1200,none,,,1,0,host->host
1791431131511,mesh4_baseline_adapt1_p4,botA,botC,video,in,1093.8,,0.00,0.3,0.2,20,640,480,,,,0,1,0,host->host
1791431131511,mesh4_baseline_adapt1_p4,botA,botC,audio,in,23.4,,0.00,0.9,0.2,,,,,,0.00,,1,0,host->host
1791431131511,mesh4_baseline_adapt1_p4,botA,botC,video,out,1122.1,,0.00,0.3,0.2,,,,1200,none,,,1,0,host->host
1791431131511,mesh4_baseline_adapt1_p4,botA,botC,audio,out,26.9,,0.00,1.3,0.2,,,,1200,none,,,1,0,host->host
1791431131511,mesh4_baseline_adapt1_p4,botA,botD,video,in,1094.9,,0.00,0.1,0.1,20,640,480,,,,0,1,0,host->host
1791431131511,mesh4_baseline_adapt1_p4,botA,botD,audio,in,26.8,,0.00,0.7,0.1,,,,,,0.00,,1,0,host->host
1791431131511,mesh4_baseline_adapt1_p4,botA,botD,video,out,1122.1,,0.00,0.1,0.1,,,,1200,none,,,1,0,host->host
1791431131511,mesh4_baseline_adapt1_p4,botA,botD,audio,out,26.9,,0.00,0.7,0.1,,,,1200,none,,,1,0,host->host
1791431132510,mesh4_baseline_adapt1_p4,botA,botB,video,in,1164.2,,0.00,0.2,0.3,20,640,480,,,,0,1,0,host->host
1791431132511,mesh4_baseline_adapt1_p4,botA,botB,audio,in,26.7,,0.00,1.1,0.3,,,,,,0.00,,1,0,host->host
1791431132511,mesh4_baseline_adapt1_p4,botA,botB,video,out,1146.7,,0.00,0.1,0.3,,,,1200,none,,,1,0,host->host
1791431132511,mesh4_baseline_adapt1_p4,botA,botB,audio,out,27.0,,0.00,0.9,0.3,,,,1200,none,,,1,0,host->host
1791431132511,mesh4_baseline_adapt1_p4,botA,botC,video,in,1103.8,,0.00,0.1,0.2,20,640,480,,,,0,1,0,host->host
1791431132511,mesh4_baseline_adapt1_p4,botA,botC,audio,in,23.5,,0.00,0.9,0.2,,,,,,0.00,,1,0,host->host
1791431132511,mesh4_baseline_adapt1_p4,botA,botC,video,out,1146.7,,0.00,0.1,0.2,,,,1200,none,,,1,0,host->host
1791431132511,mesh4_baseline_adapt1_p4,botA,botC,audio,out,27.0,,0.00,1.2,0.2,,,,1200,none,,,1,0,host->host
1791431132512,mesh4_baseline_adapt1_p4,botA,botD,video,in,1106.8,,0.00,0.2,0.2,20,640,480,,,,0,1,0,host->host
1791431132512,mesh4_baseline_adapt1_p4,botA,botD,audio,in,27.4,,0.00,1.1,0.2,,,,,,0.00,,1,0,host->host
1791431132512,mesh4_baseline_adapt1_p4,botA,botD,video,out,1146.7,,0.00,0.1,0.2,,,,1200,none,,,1,0,host->host
1791431132512,mesh4_baseline_adapt1_p4,botA,botD,audio,out,27.0,,0.00,0.6,0.2,,,,1200,none,,,1,0,host->host
1791431133510,mesh4_baseline_adapt1_p4,botA,botB,video,in,1221.4,,0.00,0.1,0.3,20,640,480,,,,0,1,0,host->host
1791431133511,mesh4_baseline_adapt1_p4,botA,botB,audio,in,26.7,,0.00,1.0,0.3,,,,,,0.00,,1,0,host->host
1791431133511,mesh4_baseline_adapt1_p4,botA,botB,video,out,1169.7,,0.00,0.1,0.3,,,,1200,none,,,1,0,host->host
1791431133511,mesh4_baseline_adapt1_p4,botA,botB,audio,out,27.0,,0.00,0.6,0.3,,,,1200,none,,,1,0,host->host
1791431133511,mesh4_baseline_adapt1_p4,botA,botC,video,in,1187.1,,0.00,0.1,0.2,20,640,480,,,,0,1,0,host->host
1791431133511,mesh4_baseline_adapt1_p4,botA,botC,audio,in,23.5,,0.00,1.0,0.2,,,,,,0.00,,1,0,host->host
1791431133511,mesh4_baseline_adapt1_p4,botA,botC,video,out,1169.7,,0.00,0.1,0.2,,,,1200,none,,,1,0,host->host
1791431133511,mesh4_baseline_adapt1_p4,botA,botC,audio,out,27.0,,0.00,0.5,0.2,,,,1200,none,,,1,0,host->host
1791431133512,mesh4_baseline_adapt1_p4,botA,botD,video,in,1149.8,,0.00,0.1,0.2,20,640,480,,,,0,1,0,host->host
1791431133512,mesh4_baseline_adapt1_p4,botA,botD,audio,in,26.8,,0.00,1.2,0.2,,,,,,0.00,,1,0,host->host
1791431133512,mesh4_baseline_adapt1_p4,botA,botD,video,out,1169.7,,0.00,0.1,0.2,,,,1200,none,,,1,0,host->host
1791431133512,mesh4_baseline_adapt1_p4,botA,botD,audio,out,27.0,,0.00,0.5,0.2,,,,1200,none,,,1,0,host->host
1791431134510,mesh4_baseline_adapt1_p4,botA,botB,video,in,1195.7,,0.00,0.1,0.3,20,640,480,,,,0,1,0,host->host
1791431134510,mesh4_baseline_adapt1_p4,botA,botB,audio,in,26.7,,0.00,1.2,0.3,,,,,,0.00,,1,0,host->host
1791431134510,mesh4_baseline_adapt1_p4,botA,botB,video,out,1182.0,,0.00,0.1,0.3,,,,1200,none,,,1,0,host->host
1791431134510,mesh4_baseline_adapt1_p4,botA,botB,audio,out,27.0,,0.00,0.8,0.3,,,,1200,none,,,1,0,host->host
1791431134511,mesh4_baseline_adapt1_p4,botA,botC,video,in,1229.7,,0.00,0.2,0.2,20,640,480,,,,0,1,0,host->host
1791431134511,mesh4_baseline_adapt1_p4,botA,botC,audio,in,23.5,,0.00,1.4,0.2,,,,,,0.00,,1,0,host->host
1791431134511,mesh4_baseline_adapt1_p4,botA,botC,video,out,1182.0,,0.00,0.1,0.2,,,,1200,none,,,1,0,host->host
1791431134511,mesh4_baseline_adapt1_p4,botA,botC,audio,out,27.0,,0.00,0.8,0.2,,,,1200,none,,,1,0,host->host
1791431134511,mesh4_baseline_adapt1_p4,botA,botD,video,in,1099.2,,0.00,0.1,0.2,20,640,480,,,,0,1,0,host->host
1791431134511,mesh4_baseline_adapt1_p4,botA,botD,audio,in,27.1,,0.00,0.7,0.2,,,,,,0.00,,1,0,host->host
1791431134511,mesh4_baseline_adapt1_p4,botA,botD,video,out,1182.0,,0.00,0.1,0.2,,,,1200,none,,,1,0,host->host
1791431134511,mesh4_baseline_adapt1_p4,botA,botD,audio,out,27.0,,0.00,0.6,0.2,,,,1200,none,,,1,0,host->host
1791431135511,mesh4_baseline_adapt1_p4,botA,botB,video,in,1203.6,,0.00,0.4,0.2,20,640,480,,,,0,1,0,host->host
1791431135511,mesh4_baseline_adapt1_p4,botA,botB,audio,in,26.8,,0.00,1.2,0.2,,,,,,0.00,,1,0,host->host
1791431135511,mesh4_baseline_adapt1_p4,botA,botB,video,out,1206.7,,0.00,0.1,0.2,,,,1200,none,,,1,0,host->host
1791431135511,mesh4_baseline_adapt1_p4,botA,botB,audio,out,27.0,,0.00,0.7,0.2,,,,1200,none,,,1,0,host->host
1791431135512,mesh4_baseline_adapt1_p4,botA,botC,video,in,1207.1,,0.00,0.2,0.2,20,640,480,,,,0,1,0,host->host
1791431135512,mesh4_baseline_adapt1_p4,botA,botC,audio,in,23.5,,0.00,1.2,0.2,,,,,,0.00,,1,0,host->host
1791431135512,mesh4_baseline_adapt1_p4,botA,botC,video,out,1206.7,,0.00,0.1,0.2,,,,1200,none,,,1,0,host->host
1791431135512,mesh4_baseline_adapt1_p4,botA,botC,audio,out,27.0,,0.00,0.6,0.2,,,,1200,none,,,1,0,host->host
1791431135513,mesh4_baseline_adapt1_p4,botA,botD,video,in,1190.1,,0.00,0.1,0.3,20,640,480,,,,0,1,0,host->host
1791431135513,mesh4_baseline_adapt1_p4,botA,botD,audio,in,26.8,,0.00,0.6,0.3,,,,,,0.00,,1,0,host->host
1791431135513,mesh4_baseline_adapt1_p4,botA,botD,video,out,1206.7,,0.00,0.1,0.3,,,,1200,none,,,1,0,host->host
1791431135513,mesh4_baseline_adapt1_p4,botA,botD,audio,out,27.0,,0.00,0.7,0.3,,,,1200,none,,,1,0,host->host
1791431136510,mesh4_baseline_adapt1_p4,botA,botB,video,in,1205.4,,0.00,0.3,0.3,20,640,480,,,,0,1,0,host->host
1791431136510,mesh4_baseline_adapt1_p4,botA,botB,audio,in,26.7,,0.00,0.8,0.3,,,,,,0.00,,1,0,host->host
1791431136510,mesh4_baseline_adapt1_p4,botA,botB,video,out,1243.0,,0.00,0.1,0.3,,,,1200,none,,,1,0,host->host
1791431136510,mesh4_baseline_adapt1_p4,botA,botB,audio,out,27.0,,0.00,0.7,0.3,,,,1200,none,,,1,0,host->host
1791431136511,mesh4_baseline_adapt1_p4,botA,botC,video,in,1205.3,,0.00,0.2,0.2,20,640,480,,,,0,1,0,host->host
1791431136511,mesh4_baseline_adapt1_p4,botA,botC,audio,in,23.5,,0.00,0.9,0.2,,,,,,0.00,,1,0,host->host
1791431136511,mesh4_baseline_adapt1_p4,botA,botC,video,out,1243.0,,0.00,0.1,0.2,,,,1200,none,,,1,0,host->host
1791431136511,mesh4_baseline_adapt1_p4,botA,botC,audio,out,27.0,,0.00,0.7,0.2,,,,1200,none,,,1,0,host->host
1791431136512,mesh4_baseline_adapt1_p4,botA,botD,video,in,1189.3,,0.00,0.1,0.3,20,640,480,,,,0,1,0,host->host
1791431136512,mesh4_baseline_adapt1_p4,botA,botD,audio,in,27.0,,0.00,0.6,0.3,,,,,,0.00,,1,0,host->host
1791431136512,mesh4_baseline_adapt1_p4,botA,botD,video,out,1178.2,,0.00,0.1,0.3,,,,1200,none,,,1,0,host->host
1791431136512,mesh4_baseline_adapt1_p4,botA,botD,audio,out,27.0,,0.00,0.7,0.3,,,,1200,none,,,1,0,host->host
1791431137511,mesh4_baseline_adapt1_p4,botA,botB,video,in,1243.1,,0.00,0.2,0.3,20,640,480,,,,0,1,0,host->host
1791431137511,mesh4_baseline_adapt1_p4,botA,botB,audio,in,26.8,,0.00,1.4,0.3,,,,,,0.00,,1,0,host->host
1791431137511,mesh4_baseline_adapt1_p4,botA,botB,video,out,1227.4,,0.00,0.2,0.3,,,,1200,none,,,1,0,host->host
1791431137511,mesh4_baseline_adapt1_p4,botA,botB,audio,out,27.0,,0.00,0.7,0.3,,,,1200,none,,,1,0,host->host
1791431137512,mesh4_baseline_adapt1_p4,botA,botC,video,in,1194.5,,0.00,0.4,0.2,20,640,480,,,,0,1,0,host->host
1791431137512,mesh4_baseline_adapt1_p4,botA,botC,audio,in,23.5,,0.00,1.6,0.2,,,,,,0.00,,1,0,host->host
1791431137512,mesh4_baseline_adapt1_p4,botA,botC,video,out,1227.4,,0.00,0.1,0.2,,,,1200,none,,,1,0,host->host
1791431137512,mesh4_baseline_adapt1_p4,botA,botC,audio,out,27.0,,0.00,0.7,0.2,,,,1200,none,,,1,0,host->host
1791431137513,mesh4_baseline_adapt1_p4,botA,botD,video,in,1212.8,,0.00,0.1,0.2,20,640,480,,,,0,1,0,host->host
1791431137513,mesh4_baseline_adapt1_p4,botA,botD,audio,in,26.8,,0.00,0.7,0.2,,,,,,0.00,,1,0,host->host
1791431137513,mesh4_baseline_adapt1_p4,botA,botD,video,out,1227.4,,0.00,0.1,0.2,,,,1200,none,,,1,0,host->host
1791431137513,mesh4_baseline_adapt1_p4,botA,botD,audio,out,27.0,,0.00,0.7,0.2,,,,1200,none,,,1,0,host->host
1791431138514,mesh4_baseline_adapt1_p4,botA,botB,video,in,1214.2,,0.00,0.2,0.2,20,640,480,,,,0,1,0,host->host
1791431138514,mesh4_baseline_adapt1_p4,botA,botB,audio,in,26.8,,0.00,1.4,0.2,,,,,,0.00,,1,0,host->host
1791431138514,mesh4_baseline_adapt1_p4,botA,botB,video,out,1195.1,,0.00,0.1,0.2,,,,1200,none,,,1,0,host->host
1791431138514,mesh4_baseline_adapt1_p4,botA,botB,audio,out,26.9,,0.00,0.9,0.2,,,,1200,none,,,1,0,host->host
1791431138515,mesh4_baseline_adapt1_p4,botA,botC,video,in,1246.4,,0.00,0.2,0.3,20,640,480,,,,0,1,0,host->host
1791431138515,mesh4_baseline_adapt1_p4,botA,botC,audio,in,23.3,,0.00,1.0,0.3,,,,,,0.00,,1,0,host->host
1791431138515,mesh4_baseline_adapt1_p4,botA,botC,video,out,1195.1,,0.00,0.1,0.3,,,,1200,none,,,1,0,host->host
1791431138515,mesh4_baseline_adapt1_p4,botA,botC,audio,out,26.9,,0.00,1.0,0.3,,,,1200,none,,,1,0,host->host
1791431138516,mesh4_baseline_adapt1_p4,botA,botD,video,in,1168.6,,0.00,0.1,0.2,20,640,480,,,,0,1,0,host->host
1791431138516,mesh4_baseline_adapt1_p4,botA,botD,audio,in,27.0,,0.00,0.7,0.2,,,,,,0.00,,1,0,host->host
1791431138516,mesh4_baseline_adapt1_p4,botA,botD,video,out,1195.1,,0.00,0.1,0.2,,,,1200,none,,,1,0,host->host
1791431138516,mesh4_baseline_adapt1_p4,botA,botD,audio,out,26.9,,0.00,0.9,0.2,,,,1200,none,,,1,0,host->host
1791431139515,mesh4_baseline_adapt1_p4,botA,botB,video,in,1202.9,,0.00,0.3,0.3,20,640,480,,,,0,1,0,host->host
1791431139515,mesh4_baseline_adapt1_p4,botA,botB,audio,in,27.2,,0.00,0.9,0.3,,,,,,0.00,,1,0,host->host
1791431139515,mesh4_baseline_adapt1_p4,botA,botB,video,out,1180.0,,0.00,0.1,0.3,,,,1200,none,,,1,0,host->host
1791431139515,mesh4_baseline_adapt1_p4,botA,botB,audio,out,26.9,,0.00,0.7,0.3,,,,1200,none,,,1,0,host->host
1791431139516,mesh4_baseline_adapt1_p4,botA,botC,video,in,1220.9,,0.00,0.3,0.2,20,640,480,,,,0,1,0,host->host
1791431139516,mesh4_baseline_adapt1_p4,botA,botC,audio,in,23.5,,0.00,0.9,0.2,,,,,,0.00,,1,0,host->host
1791431139516,mesh4_baseline_adapt1_p4,botA,botC,video,out,1242.3,,0.00,0.1,0.2,,,,1200,none,,,1,0,host->host
1791431139516,mesh4_baseline_adapt1_p4,botA,botC,audio,out,26.9,,0.00,0.7,0.2,,,,1200,none,,,1,0,host->host
1791431139517,mesh4_baseline_adapt1_p4,botA,botD,video,in,1243.6,,0.00,0.1,0.2,20,640,480,,,,0,1,0,host->host
1791431139517,mesh4_baseline_adapt1_p4,botA,botD,audio,in,26.8,,0.00,0.6,0.2,,,,,,0.00,,1,0,host->host
1791431139517,mesh4_baseline_adapt1_p4,botA,botD,video,out,1179.3,,0.00,0.1,0.2,,,,1200,none,,,1,0,host->host
1791431139517,mesh4_baseline_adapt1_p4,botA,botD,audio,out,27.6,,0.00,0.9,0.2,,,,1200,none,,,1,0,host->host
1791431140516,mesh4_baseline_adapt1_p4,botA,botB,video,in,1184.3,,0.00,0.2,0.2,20,640,480,,,,0,1,0,host->host
1791431140516,mesh4_baseline_adapt1_p4,botA,botB,audio,in,27.0,,0.00,1.6,0.2,,,,,,0.00,,1,0,host->host
1791431140516,mesh4_baseline_adapt1_p4,botA,botB,video,out,1264.5,,0.00,0.1,0.2,,,,1200,none,,,1,0,host->host
1791431140516,mesh4_baseline_adapt1_p4,botA,botB,audio,out,27.0,,0.00,0.8,0.2,,,,1200,none,,,1,0,host->host
1791431140517,mesh4_baseline_adapt1_p4,botA,botC,video,in,1201.9,,0.00,0.5,0.2,20,640,480,,,,0,1,0,host->host
1791431140517,mesh4_baseline_adapt1_p4,botA,botC,audio,in,23.8,,0.00,1.3,0.2,,,,,,0.00,,1,0,host->host
1791431140517,mesh4_baseline_adapt1_p4,botA,botC,video,out,1264.5,,0.00,0.1,0.2,,,,1200,none,,,1,0,host->host
1791431140517,mesh4_baseline_adapt1_p4,botA,botC,audio,out,26.3,,0.00,0.6,0.2,,,,1200,none,,,1,0,host->host
1791431140517,mesh4_baseline_adapt1_p4,botA,botD,video,in,1234.5,,0.00,0.1,0.2,20,640,480,,,,0,1,0,host->host
1791431140517,mesh4_baseline_adapt1_p4,botA,botD,audio,in,27.0,,0.00,0.5,0.2,,,,,,0.00,,1,0,host->host
1791431140517,mesh4_baseline_adapt1_p4,botA,botD,video,out,1264.5,,0.00,0.1,0.2,,,,1200,none,,,1,0,host->host
1791431140517,mesh4_baseline_adapt1_p4,botA,botD,audio,out,26.3,,0.00,0.7,0.2,,,,1200,none,,,1,0,host->host
1791431141516,mesh4_baseline_adapt1_p4,botA,botB,video,in,1167.4,,0.00,0.1,2.7,20,640,480,,,,0,1,0,host->host
1791431141516,mesh4_baseline_adapt1_p4,botA,botB,audio,in,26.9,,0.00,1.6,2.7,,,,,,0.00,,1,0,host->host
1791431141516,mesh4_baseline_adapt1_p4,botA,botB,video,out,1219.0,,0.00,0.2,2.7,,,,1200,none,,,1,0,host->host
1791431141516,mesh4_baseline_adapt1_p4,botA,botB,audio,out,27.0,,0.00,1.5,2.7,,,,1200,none,,,1,0,host->host
1791431141517,mesh4_baseline_adapt1_p4,botA,botC,video,in,1079.7,,0.00,0.1,2.8,20,640,480,,,,0,1,0,host->host
1791431141517,mesh4_baseline_adapt1_p4,botA,botC,audio,in,23.1,,0.00,1.6,2.8,,,,,,0.00,,1,0,host->host
1791431141517,mesh4_baseline_adapt1_p4,botA,botC,video,out,1219.0,,0.00,0.2,2.8,,,,1200,none,,,1,0,host->host
1791431141517,mesh4_baseline_adapt1_p4,botA,botC,audio,out,26.9,,0.00,1.5,2.8,,,,1200,none,,,1,0,host->host
1791431141518,mesh4_baseline_adapt1_p4,botA,botD,video,in,1108.6,,0.00,0.1,2.7,20,640,480,,,,0,1,0,host->host
1791431141518,mesh4_baseline_adapt1_p4,botA,botD,audio,in,26.8,,0.00,0.5,2.7,,,,,,0.00,,1,0,host->host
1791431141518,mesh4_baseline_adapt1_p4,botA,botD,video,out,1219.0,,0.00,0.2,2.7,,,,1200,none,,,1,0,host->host
1791431141518,mesh4_baseline_adapt1_p4,botA,botD,audio,out,26.9,,0.00,1.1,2.7,,,,1200,none,,,1,0,host->host
