run,profile,adapt,video_kbps,video_fps,video_height,video_loss_pct,jitter_ms,rtt_ms,freezes,audio_conceal_pct,bwe_kbps,adapt_level,top_limit
eval_baseline_adapt0_p2,baseline,0,1208.85,20.0,480.0,0.0,0.1,0.2,0.0,0.0,1200.0,0.0,none
eval_baseline_adapt1_p2,baseline,1,1214.05,20.0,480.0,0.0,0.0,0.1,0.0,0.0,1200.0,0.0,none
eval_loss1_adapt0_p2,loss1,0,1203.5500000000002,20.0,480.0,1.180625,0.1,4.05,0.0,0.025,1200.0,0.0,none
eval_loss1_adapt1_p2,loss1,1,1213.85,20.0,480.0,0.9880263157894733,0.1,0.2,0.0,0.0,1200.0,0.0,none
eval_loss5_adapt0_p2,loss5,0,1214.0500000000002,20.0,480.0,5.25551282051282,0.0,0.15000000000000002,0.0,0.3076923076923077,1200.0,0.0,none
eval_loss5_adapt1_p2,loss5,1,196.0,20.0,240.0,4.904871794871795,0.1,0.1,1.0,0.2564102564102564,180.0,2.6153846153846154,bandwidth
eval_loss10_adapt0_p2,loss10,0,1213.5,20.0,480.0,9.691315789473686,0.1,0.2,3.0,1.183684210526316,1200.0,0.0,none
eval_loss10_adapt1_p2,loss10,1,102.55,20.0,120.0,11.50828947368421,0.2,0.15000000000000002,3.0,1.0252631578947369,100.0,5.0,bandwidth
eval_loss20_adapt0_p2,loss20,0,1214.55,19.0,480.0,19.512105263157892,0.1,0.2,31.0,3.4973684210526317,1200.0,0.0,none
eval_loss20_adapt1_p2,loss20,1,101.4,20.0,120.0,18.28076923076923,0.2,0.2,12.0,3.4328205128205127,100.0,5.0,bandwidth
eval_burst5_adapt0_p2,burst5,0,1215.0,20.0,480.0,2.3575,0.0,0.2,0.0,0.71,1200.0,0.0,none
eval_burst5_adapt1_p2,burst5,1,1197.15,20.0,480.0,2.2375000000000003,0.1,2.1,0.0,0.7368421052631579,1200.0,0.39473684210526316,none
eval_delay100_adapt0_p2,delay100,0,1210.9,20.0,480.0,0.0,0.1,201.4,0.0,0.0,1200.0,0.0,none
eval_delay100_adapt1_p2,delay100,1,606.55,20.0,420.0,0.0,0.2,201.1,0.0,0.0,650.0,2.1052631578947367,bandwidth
eval_jitter30_adapt0_p2,jitter30,0,1337.4,20.0,480.0,0.9205263157894736,32.45,188.60000000000002,0.0,0.5526315789473685,1200.0,0.0,none
eval_jitter30_adapt1_p2,jitter30,1,202.6,20.0,240.0,0.7893506493506494,35.4,203.3,0.0,0.44155844155844154,180.0,3.4675324675324677,bandwidth
eval_jitter60_adapt0_p2,jitter60,0,1624.0,20.0,480.0,1.1914666666666667,64.7,167.0,13.0,0.0,1200.0,0.0,none
eval_jitter60_adapt1_p2,jitter60,1,111.75,20.0,120.0,1.5271052631578947,68.15,179.35000000000002,39.0,7.042105263157896,100.0,4.842105263157895,bandwidth
eval_rate2m_adapt0_p2,rate2m,0,1214.5,20.0,480.0,0.0,7.9,45.599999999999994,0.0,0.0,1200.0,0.0,none
eval_rate2m_adapt1_p2,rate2m,1,1218.55,20.0,480.0,0.0,7.8,32.55,1.0,0.0,1200.0,0.0,none
eval_rate1m_adapt0_p2,rate1m,0,927.3,15.0,480.0,13.22,13.649999999999999,10439.3,0.0,29.160789473684208,1200.0,0.0,none
eval_rate1m_adapt1_p2,rate1m,1,279.85,20.0,240.0,0.0,4.5,2.55,0.0,3.293421052631579,300.0,3.210526315789474,bandwidth
eval_rate500k_adapt0_p2,rate500k,0,450.75,0.0,480.0,41.376578947368415,23.15,18431.4,1.0,43.441184210526316,1200.0,0.0,none
eval_rate500k_adapt1_p2,rate500k,1,255.7,20.0,240.0,0.0,8.55,23.25,0.0,7.218815789473684,180.0,3.8552631578947367,bandwidth
eval_rate250k_adapt0_p2,rate250k,0,230.45,4.0,480.0,17.16403846153846,31.3,13030.4,2.0,77.18230769230769,1200.0,0.0,none
eval_rate250k_adapt1_p2,rate250k,1,229.2,4.0,480.0,7.2679629629629625,31.2,12842.3,2.0,72.24925925925926,100.0,4.37037037037037,bandwidth
eval_combo_adapt0_p2,combo,0,925.2,0.0,480.0,13.17407894736842,13.55,9740.1,10.0,30.56131578947368,1200.0,0.0,none
eval_combo_adapt1_p2,combo,1,143.45,20.0,120.0,2.7434615384615384,15.2,187.85,54.0,1.3178205128205127,100.0,4.205128205128205,bandwidth
